"Rame, bener-bener rame banget. Posisi outletnya bagus sih, berada di hook. Jadi untuk nemuinnya lebih gampang. â€¦"
Datang kesini sekitar Desember 2022. Dari sore sd malam. Rame banget karena kebetulan pas malam minggu. â€¦
mcd buaran yang disini terbilang selalu rame.. sy dtg ham 10 malem aja masih sangat rame.. mungkin 24 jam pun masih rame. pengunjungnya juga selalu full. jarak antara meja satu dengan yang laim sangat dekat.. jadi buat lewat agak sulit. â€¦
"Datang kesini sabtu sore, rame buanget.. Sampai susah cari tempat duduk kalau bawa teman dan keluarga banyak.. Makanan enak, pelayanan ramah, tempat bersih.. Tersedia mushollah juga.."
"Tempat bersih pelayanannya ramah, tersedia layar untuk order menu sendiri. Namun jika kesulitan akan dipandu oleh pelayannya dan helpfull banget. Tempat parkir luas."
"Tempatnya nyaman, karyawannya super ramah. Lebih gampang karena bisa pesan menu sendiri lewat mesin."
"Lokasinya di deket perempatan raden inten duren sawit. Paling enak kalau kesini itu pas pagi karna ga terlalu ramai, kalau sore atau malam itu biasanya rame banget. â€¦"
Tempat makan keluarga. Kawan. Tmn kantor. Daerah buaran. Kualitas dijaga terus. Buka 24 jam. Tak pernah sepi. Top
Tempatnya nyaman meski agak rame. Tapi memang nyaman. Menu menunya sama seperti mekdi pada umumnya. â€¦
"Tempat yang nyaman untuk makan, minum serta bersantai. Lokasi sangat strategis, banyak dipenuhi pelanggan keluarga, remaja, dan dewasa muda"
"Saya tiba menjelang pkl 20.00 wib, lalu diingatkan oleh petugasnya untuk take away karena jam operasional resto akan segera berakhir. â€¦"
"Standar makanan mcd, paling suka bubur ayamnya. Lebih menyenangkan kalau belanjanya di hari selasa karena ada promo 40% pake kartu kredit bri."
Tempatnya luas dan lokasi sangat strategis di perempatan jalan . Mudah di cari. Parkiran juga lumayan luas
"Tempat parkir luas, tempatnya strategis. Pelayan ramah dan edukatif dalam penyampaian standar kesehatan dalam masa pandemi covid. Pengunjung dine in disarankan tidak menghabiskan waktu lebih dari 45 menit dalam restoran ini."
Tempat baru. Harga standar ya. Harga SMB aja.. Cm pelayannya harus di train hospit lg sepertinya.. Oh ya rasanya 8/10 for me...
"Tempat recommended buat nongkrong sambil makan. Mcd emang selalu enak sih, apalagi menu spicy nya. Juara!"
"Mampir kesini cm beli ice cream cone dengan drive true, pelayanannya cepat ! Good job MC D"
Pas sampek masya Allah rame bangettt ampek hampir ga nemu tmpt duduk untuk masakan oke sii enak polll
"btw sempet ada kejadian bocil numpahin minuman karena tantrum, trs karyawannya gercep bersihin dan dengan muka yg happy ğŸ¥º salut! karyawannya ramah semuaaa â€¦"
"Pelayanannya bagus bgt... Sampai2 ada minuman pelanggan yg terjatuh, pdahal itu kesalahannya sndiri ketika ingin meninggalkan tempat itu. Namun dri pelayannya membantu pelanggan tersebut dan memberikan minuman yg baru, pdhl minuman yg jatuh itu sudah tinggal separuh."
"The good ambience and friendly atmosphere. As usual, McD was a safe pick family restaurant for your break after fasting. â€¦"
Pilih menunya via touch screen. Ada playground. Wajib pakai masker dan scan QR code vaksin. Parkir luas. Suasana enak. Harga standar
"Ini yg di perempatan Duren Sawit.. Sy suka suasananya klo Sabtu n Minggu pagi disini, terus duduk di luar krn bs lihat orang2 yg Olga di hutan kota diseberang sambil menikmati menu breakfast McD.. Klo McD pasti sdh pd tahu menunya, tp Menu â€¦"
"Makanannya enak semua. Menu fav Ayam Spicy, Sundae coklat, fries, dan menu terbaru Double Choco Pie nya lumeeer coklatnya pas anget2.. nyam.. nyamm.."
"ngajak si kecil nih ke sini..banyak menu yg dia suka,lahap makannya sampai habis,trus dapat hadiah topeng buat si kecil,lucuk dehh di pakenya..yukk yg mau nyantai ke sini, tempatnya strategis, parkiran luas pasti betah dehh berlama lama"
"Lokasi McDonald's ini strategis banget, dekat dengan 2 fastfood populer : domino pizza & burgerking. Mau belanja ada giant ekspres disebelahnya. Yang bikin ok juga ada McCafe nya, yang kebetulan di daerah duren ini sebelumnya belum ada. Kali ini nyobain Ice Mocha Frappe... Enak, tapi manis banget lho ya. No"
"Tadi rame banget, apa karena hari sabtu... tp overall good, pelayanan-prokes-bersih..."
"Tempat strategis,suasana nyaman.apalagi saya perokok,ada Smoking area... Saran :klo bisa smoking area dikasih aowning supaya tidak tampyas klo hujan...."
Selama pandemi diberlakukan pembatasan jarak dan juga jumlah pengunjung. Dan ada pengukuran suhu serta pemakaian handsanitizer.
"Toilet nya bersih, resik, wangi.. Tempat cuci tangan nya juga sama bersih nya, kering gak berantakan.. @McD Duren Sawit.. â€¦"
parkirnya luas & aman tempat makannya nyaman pelayanannya ramahğŸ‘ â€¦
"Cozzy tempatnya, ada McCaffe jg. 24 jam open. Luas parkirannya, drive thru jg tersedia. â€¦"
Semakin gampang pesen makanan disini karena pakai aplikasi. Bisa bayar cashless juga. Very nice !
"Abis survey lokasi, terus makan disini. Rapi, bersih, karyawannya cekatan dan membantu. Terima kasih... semangat terus ğŸ˜Š â€¦"
"Parkir luas, tempat bersih, pelayanan ramah"
"Lokasinya strategis, tempatnya bersih dan nyaman, pelayanannya sangat baik, area nya cukup besar, parkir cukup luas.. ada 2 monitor untuk order, tempat nongki didominasi anak muda ğŸ˜ â€¦"
"bagus pelayanannya, baik baik semua. cepat juga, ramah, enak makanannya. good lahğŸ˜‹ğŸ˜‹ğŸ¥° â€¦"
Tmpt favorit setelah pulang sklh.. Setelah olahraga di BKT pasti mampir kesini.. Klau lg mood dtg kesini beli Chocolate Frappe ğŸ¥›ğŸ« (Favorite minuman) dan kentang goreng ğŸŸ â€¦
"Tempat strategis untuk Maghriban kalau pas Maghrib masih di jalan, minggir aja kesini, Drive thru cenderung sering ramai tapi cepat"
"baru pertama kali berjunk food ria setelah sekian lama.. berubah banget dr sistem pemesanan, interior,dll keren sih cm untuk saran biar antri ga sampe pintu. mesin ordernya di tambah lagi dan hrs selalu di pantau maintenance nya biar ga lg antri panjang tiba"" mesin error"
Tempat favorit untuk menghabiskan waktu sendiri atau bersama keluarga juga dengan teman. Sangat nyaman dan pelayanan yang sangat memuaskan. Apalagi di saat pandemi covid-19 manajemen sudah melakukan protokol yang sangat bagus untuk menjaga agar tetap aman untuk yang menginginkan makan di tempat. Bravo untk mcd
Tempatnya enak. Luas juga. Karyawan nya ramah cocok banget buat ngerjain tugas.
"Tempat asik untuk ngmpul bersama keluarga,banyak menu baru yang enak enak,dan pelayanannya bagus serta ramah"
"Suasana enak ktima malam, kalau siang panas buat makan di meja meja luar"
"mcd emg gaperna gagaaal, enak semua makanan nya, pelayanan cepet bgtttt. mas2 CL nya jg ganteng awkwkwkwk canda gaes"
"Take away fish snack wrap 1. Rasa tortila nya lembut, di lengkapi mayonaise dan selada yang nikmat, rasa ikan nya seperti burger fish fillet â€¦"
"Nyaman untuk work from home, apalagi ketika tidak ada party terasa tenang dan damai ğŸ‘ŒğŸ» â€¦"
"Salah satu cabang mcd favorit dari jaman SMA. Tempatnya strategis, parkir nya luas, pelayanannya bagus. Tempatnya juga lumayan luas, enak buat nongkrong. Ada area indoor dan outdoor nya."
"Lagi pengen cobain pineapple apa gitu, ada soda2nya plus apple pie nya."
"kesini lagi pas ada diskon dari mcd, menunya enak semua"
Tempatnya nyaman indah suasananya juga damai bersih orangnya ramah2
"tempatnya cozy,nyaman makan bareng keluarga,protokol kesehatan nya juga dijalani. pelayanan juga cepat.."
"Disini tempat paling enak buat hangout bareng temen, nggk tau kenapa betah aja berlama-lama apalagi kalo duduk yang paling luar itu pas bgt depan jalanan besar dan ada tv nya juga kl nggk salah. Pokoknya buat yg mau hangout atu ngumpul bareng disini juga lumayan enak"
Enak buat nyantai sendiri atau rame rame.. jadi tempat ngopi dikala gabut juga.
"beberapa hari yang lalu sempet makan disini. tempatnya nyaman, bersih dan bs refil tea n coffe. love it"
"parkir luas, ada tempat bermain anak, waitres banyak. jadi meski antrian banyak tapi terlayani dengan cepat."
"Enak tempatnya nyaman ,pelayanan juga oke"
Tempat makan yg paling bisa diandelin klu kelaparan lwt tengah malam..
Mantab... asyik buat nongkrong. Tmpt jg nyaman. Tersedia jg meja outdoor. Parkiran luas baik utk motor maupun mobil.
"Tempatnya hectic, tapi dilayaninnya cepet bgt huhu senaang."
"Setiap kali makan disini selalu ramai nggak pernah sepi mau pagi, sore, malam, bahkan tengah malam terutama malam minggu. Tempatnya memang sangat strategis dan kerap dijadikan tempat nongkrong kawula muda di sekitaran duren sawit. Pemesanan â€¦"
pelayanan baik dan cepat salah satu resto siap saji yang selalu diodolakan semua kaum dan sepanjang masa
"Disini tempat nya cukup luas parkiran nya juga cukup luas, kalo malam Minggu cukup ramai, untuk pelayanan ya cukup baik pokoknya tempatnya enak buat kumpul-kumpul bareng temen atau sama keluarga"
"Terlalu rame sih, dan selalu rame.. Pernah kesini sabtu sy dan suami bawa anak bayi dan toddler. Nggu makanan tumben agak lama. Sy blg k suami tnya k counter sudah blm makananya, anak2 mulai â€¦"
"Restoran cepar saji dengan lokasi strategis serta akses yang sangat mudah ditemukan dari arah bekasi,cakung atau cipinang. Dan service crew nya ramah dan santun serta makanan dan minuman yg disajikan juga sangat bervariasi dengan harga â€¦"
"Tempat bagus,nyaman, tepat di perempatan lampu, pelayannya cepat."
Tmpt makan ga pernah sepi
"Tempatnya luas, pelayanan Drive thru nya ramah"
"Standar mcd laah.. Disemua tempat relatif sama. Pendingin ruangannya kurang maksimal saat siang hari dan terik, mungkin karena terlalu banyak kaca x yaa"
Seruuu ada McCafenyaa.. Croissant Kejunya endeus bangeett.. jangan lupa minta diangetin sama mbaknya yaa.. lumer mer mer di lidah.. cus mari endeus 30ribu saja..
"Good place to meet friends, there is mc cafe to order some coffee and nice meal also"
"Selalu rame... Ada promo, tambah rame.. Lumayan luas.. Parkir aja yg agak terbatas.. Ada mcd cafe juga.. Jd klo cuma sekedar mau nongki cantik mayan lah.."
"Pelayanan sangat baik dan makanannya fresh. Lokasinya pun cukup strategis. Tp secara subyektif saya,dikarenakan lokasinya di oinggir jalan raya dan perempatan yang lalu lintasnya ramai, bagi sebagian orang dapat mengganggu kenyamanan pada saat dine-in. Terima kasih."
"Rame banget disini asli , soalnya lokasinya di depan , jadi harus cepet nyari kursi kosong dulu taro tas , baru deh pesen ke kasir hahaa teknik jitu"
Bagus... Ada perosotannya jadi ga bosen klo bawa anak kecil kesini ğŸ˜‚ â€¦
"MC Donald nya cukup ramai, kalo siang masih agak sepi, tapi kalo malem banyak keluarga yang makan disini, sda playground nya juga, parkir lumayan besar"
"Terlihat dari jalan, karyyawannya ramah, parkir luas,"
hmmm.. cuccokk siih.. cuman agak rempong saat memilih pesanan di layar touch..
"Lokasi strategis, tepat disebelah Burger King Duren Sawit. Selalu rame diwaktu weekend tapi selalu menyenangkan untuk dine in. Ada McCafÃ¨ juga didalam jadi banyak pilihan desert disatu tempat. ğŸ¤ â€¦"
"one of the best mcdonald di Jakarta, ada mc cafe, tempatnya cukup luas, ada playground buat anak anak dan yg paling bikin kagum service nya, baru juga pesen di kasir otomatisnya, nyari kursi, 1 menit kemudian udh dianter ke meja, bravo ğŸ‘ â€¦"
Pas jd tempat nongkrong...ğŸ‘ğŸ‘ â€¦
Posisi mcd ini sangat strategis. Atau karna memang deket kampus saya ya? Hmm Jangan lups jajan di mcd(kalo lagi ada promo) ya
Makin kumplid.. Ada Mc'cafe nya dan antri nya skarang sudah tertib ga parah lg
Prokes di saat pandemi bagus. Pengunjung dibatasi. Pelayanannya jg ramah.
"Makanan bervariasi, ada tempat mainan anak, dibuatkan balon mainan sama kakak macdonald yang baik dan cantik, kalau bisa untuk tongkrongan jangan lama2 kasihan yang bawa anak2 diajak makanğŸ™ â€¦"
"Nyaman, buka 24 jam, bersih, bnyak promo kartu kredit"
Tempatnya nyaman buat yg cr makan wkt dini hari...
"beli eskrim doang pake drive thru, dilayanin nya ramah bgtğŸ¤£ğŸ™ğŸ» â€¦"
Hari ini cm ngantri drive thru. Beli es krim supaya kepala ga keluar asep krn panasnya hari ini.
"Tempat yang selalu rame, jadi mending drive thru atau take away aja. Karena terlalu rame jadi kadang suka gak nyaman karena terlalu berisik. Buat yang pengen nongkrong tenang gak pilih disini kayaknya..."
"Lokasi strategis, luas, pelayanan ramah"
Pelayanan oke rasa oke dan promonya banyak hihihihi
Tempat nya moodie bgt buat nongkrong tapi inget harus tetap jaga jarak ya hehe
"Lokasi nya strategis, tempat nya juga enak, cocok buat kongkow bareng teman, keluarga &anak"
"Kesini pas pengen bangeet ice cream cone, eh ada menu baru. Langsung cicip deh, sukaaaa bangeeet sih iniğŸ’•ğŸ’•ğŸ’• â€¦"
"tempatnya lumayan cozy, kalo lagi ndak rame yaah... :) bangunannya jauh lebih besar dari mcd pahlawan revolusi, french friesnya juga jauh lebih crunchy"
Ini menjadi tempat favorit buat beli makan siang. Ramai juga dengan anak anak sekolah dan Tempat parkirnya yg cukup luas. Dan sekarang sudah sangat dipermudah dengan pemesanan menu nya melalui layar yg ada didekat pintu masuk. Setelah order â€¦
Hindari berkunjung atau beli bertepatan dengan waktu sore karena biasanya rame
Enak dan murah. . Mandi beryani 15k
Bisa buat pake laptop ada freewifi dan steker utk charger gratis ... sambil makan n minum ngobrol santai ada tv music n full Ac ... ada smoking Areanya dan toilet juga musholla ... kereen di hook tempatnya freeparkir luas ada drivethru â€¦
Menu baru nih. Yg suka keju merapat ğŸ˜† â€¦
"MCD yang ga pernah sepi, lokasi strategis, tapi buat yang pakai mobil agak tricky ke sini karena posisinya dekat lampu merah jadi harus konsentrasi terhadap traffic-light disini agar mudah utk masuk-keluar"
Semoga pelayan buat ojol lebih cepet. Maksudnya. Kalo udah banyak ordern online yang masuk di stop/ tunda dulu ( di batasi ) jadinya driver online nganti tidak sampai 30 menit bahkan bisa sampai 1 jam. ğŸ™ğŸ™ â€¦
Pelayanan keren Rasa standard Frenchies
"Very cozy place, open 24hrs. Great place, free wifi. Friendly staff ğŸ¥° â€¦"
"Enak tempatnya cozi banget buat nongki2 bebas berekpresi dengan kawan, sodara maupyb family....mantap deh"
"Rame terus,,, apa lagi meja yg ada colokan buat ngecas,,, lokasi juga dipinggir jalan,,, sebelahan sama burger king,,,"
Pelayanan sangat memuaskan. Penerapan protokol kesehatan sangat diterapkan. Good
Strategis. Kalau weekend (Sabtu dan Minggu) ada mobil SIM Keliling area Jaktim di sebelahnya sampai jam 12.
"Mc D orang2 pasti sudah tau bagaimana kualitas layanan & makanannya, letak yang strategis di persimpangan Jl. Radin Inten 2 dengan Jl. Kolonel Sugiono sangat mudah dijangkau, buka 24 jam selalu siap sedia menuntaskan rasa lapar Anda ğŸ˜† â€¦"
"Cari-cari mcd yang ada choco frappe karena istri ngidam dan Ketemu disini, jadi cocok buat kamu yang punya istri atau pasangan yang lagi ngidam choco frappe. â€¦"
"Kepintaran McD dalam mencari lokasi yang tepat menunjang keberhasilan menarik konsumen. Soal makanan sulit tertandingi, hanya beberapa yang bs menandingi fast food ini."
"Tempatnya mudah dicari,buat nongkrong 24 jam, suasana pas di perempatan dekat bkt dan layanannya cepat dan cekatan"
"Tempat makan cepat saji yang cukup familiar untuk warga di sekitar Buaran, Pondok Bambu, Duren Sawit, dan sekitarnya. Melayani makan di tempat dan dibawa pulang. Untuk pemesanan makan di tempat sudah menggunakan sistem pemesanan langsung â€¦"
Pintu masuk dan keluar ada 2. Pas mau antri drive thru pas edisi promo Minions tray banyak mobil masuk dari pintu 1 dan 2 jadinya antriannya antriannya semrawut. Mohon di atur saat mau masuk antrian. Terima kasih
"Untuk pelayanan nya ramah ramah, kebetulan anakku ikut McKids dan penjelasan kakaknya baik juga menyenangkan. Yang minat ikut McKids bisa datang langsung ke Mcd ini ya bila dekat, tinggal info ke kakaknya kalau mau daftar McKids. Seru loh ğŸ˜ â€¦"
"Sangat pas untuk kongkow dengan keluarga dan kerabat,, sangat berdekatan dengan area taman BKT..rekommended"
"Mantap. Makanan nya disini enak banyak pilihannya. Pelayanan cepat, Ramah, bersih, dan nyaman. Interior nya pun bagus. Pelayanan nya nomor satu. Sukses selalu buat mcd duren sawit ."
Not too crowded and in strategic places.. Good service
"Pelayanan ramah, petugas sangat membantu,leader nya juga baik. Yang paling disukai sama anak anak pastinya arena bermain. â€¦"
Halaman parkir yg cukup luas karena emang tempat makan yg d rancang khusus untuk fast Drive .. penyajian makanan yg cukup cepat sehingga kita tak perlu menunggu lama pun dengan harga worth ith
"Karyawannya baik banget, saya numpahin mnum ga sengaja,responnya cepat langusng di lap mejanya dan lantainya langsung di pel, dan tiba2 saya diambilkan lagi mnumnya yang baruğŸ‘ğŸ»ğŸ‘ğŸ»ğŸ‘ğŸ»ğŸ‘ğŸ»ğŸ‘ğŸ» Boss MCDnya Mohon naikan gaji karyawanmu. Karyawanmu Baik Hati. â€¦"
"Ada layanan drive thru. Lokasi persis pada lampu merah. Hati hati ya, kalau belok kiri."
"Rame,parkiran luas. Tmpat tongkrongn indor dan outdor yg luas..."
"Lokasi parkir lumayan luas, harga terjangkau untuk kalangan tengah ke atas. Terdapat area bermain untuk yang membawa anak kecil kisaran umur 3 s/d 6 tahun. Ruangan untuk perokok dipisah diluar, terdapat WiFi yang lumayan kencang untuk â€¦"
"9.9.2023, promo kali ini menarik, 2 nasi 3 ayam tanpa minum cuma 20 point.."
Anakku seneng bgt main n makan disini.. terakhir acara perpisahan PAUD sekolah pun disini.. deket dgn rumah...
Food court yg nyaman di sekitar Kalimalang
"Pas bgt yaa, laper habis nonton gundala, trus melipir deh kita kemari, pesennya ayam yg dua itu sama nasi dan fruittea, enak dan kenyang, habisnya cuma 90rb kalau ga salah berdua sama hubby"
"Tempatnya sangat strategis sekali dan dekat dengan taman hijau sepanjang banjir kanal timur duren sawit,sangat ramai pengunjung."
Tempat strategis dengan pelayanan terstandar dengan baik. Parkir untuk motor tersedia cukup banyak.
"Tempat nya nyaman, keren, protokol kesehatan juga lumayan ketat.pintu masuk dan keluarnya dibukain jadi ga ganti ganti tangan orang banyak. Makanannya enak, cm sausnya gada yg di dispenser sauce. Mungkin ikut ke protokol kesehatan juga kali â€¦"
"I had lunch here & surprise with the number of customer which dine in, hard to find empty table, due to birthday celebration event on the same time."
Tiap masuk pake scan peduli lindungi dan cek suhu. Mba2nya juga membantu dalam pemesanan menggunakan layar sentuh. Makanan diantar ke meja. Mau minta tanbahan saus juga akan diantar ke meja. Mantul deh mekdi.
"Sistem order yg sudah pakai layar sentuh, membantu pelayanan Jd lebih cepet. Enak juga, ada MC Cafe yg menyediakan hot beverages coffee & non coffe dgn beragam pastry..."
"Lokasi strategis, enak untuk janjian dan kongkow bareng teman.. disekitar juga banyak makanan sejenis"
"Masuknya harus daftar jelas dengan scan barcode dan cek suhu tubuh. Order via touch screen, bila tidak bisa ada yang membantu. Didisinfektan setiap habis digunakan. Tempat duduk dibatasi sesuai protokol kesehatan."
Solusi ketika lapar ditengah malam melanda. Pertama kali kesini waktu saya masih smp. Kira kira di tahun 2009. Untuk kapan â€¦
Perjalanan melelahkan rest are ya ya di mari...
Tempat yang cukup strategis untuk kumpul dengan area parkir yang cukup luas dan mudah dijangkau. Waktu siang AC seringkali terasa kurang dingin dan sejuk. Tempat ini selalu ramai dan penuh dengan pengunjung ... Sangat jarang sepi sehingga pelayannya sering kewalahan dan harus menunggu cukup lama untuk setiap pemesanannnya
"Yaa.. sama dgn mekdiÂ² lainnya Selalu rame pdhl pagiÂ². Matcha enak, stik kejunya y standar lah.."
"Great place for spending time Especially if you are trapped in traffic jam to Kalimalang, â€¦"
"Seringkali drive thru saja di MCD ini. Karna selalu ramai, sebab lokasinya yg strategis diperempatan lampu merah raden inten. Menjadi primadona tempat nongkrong u/anak mudağŸ‘ Ada MacCafe nya jugağŸ˜Š â€¦"
"Udah 10 tahun lebih mcd ini berdiri, sampe bingung mau reviewnya gimana. Overall good, friendly staff. Kalo saosnya kurang minta lagi aja dengan jumlah spesifik. Itu cara gue biasanya buat minta tambahan saos"
"Sekarang sistem pemesanannya via mesin terlebih dahulu, jadi mengurangi antrian dan kita bisa duduk dulu sambil tunggu pesanannya. â€¦"
"kalau masih pagi enak bgtt, apalagi abis jln pagi trs makan disinii beuhh kane! tp gaenaknya kalau udh jam 9 an keatas, rame bgttt wkwkw"
Selamat SiangğŸ™‚ Tetap stay save yahh Dan jalani prokesnya ğŸ˜· â€¦
"Dimanapun McD berada, selalu tampak perfect di mata saya. Ayamnya juicy. Es kopi jelly floatnya juara. Burger deluxenya top."
Ayam goreng dan cheeseburger terbaik cuma di mcd.
Parkiran 10 âœ… Rasa makanan 10 âœ… Kecepatan sedia order 10 âœ… McD duren sawit mantap recommended ğŸ‘Œ â€¦
"Letak strategis, parkir luas, tempat makan sebenarnya banyak, sejak pandemi jadi terasa dikit, pelayanan cukup cepat karena banyak pelanggan makan di tempat, drive thru, online order"
"McD favorit buat mampir kesini, selalu mampir kesini karena ice cream nya beda sama cabang lain dari tekstur dan rasa, mky gak pernah pindah beli ice cream selalu disini. Kentang goreng juga fresh masih hangat."
Good place buat kumpul bareng teman2. Tersedia meja indoor serta outdoor. Menu yg tersedia cukup lengkap. Lokasi cukup strategis. Hanya saja d sekitar lokasi terkenal dgn kemacetannya. Ok buat iseng nongkrong sambil nunggu lalu lintas lancar hehehehe
Tempat anakku sekolah mckids ğŸ˜„ â€¦
Tempat nongkrongnya kaum jakarta timur khususnya anak2 bkt... habis joging lebih rekomen mampir disini..
Karena tuh adalah salah satu tempat favorit saya untuk makan
"securitynya perlu di brief, security rasa tukang parkir, tidak dikasih tip ngomel2"
"restoran yang terletak di Jl. Raden Inten II, Duren Sawit, Kec. Duren Sawit, Kota Jakarta Timur, Daerah Khusus Ibukota Jakarta 13440. Tidak usah diragukan lagi untuk rasa karena mcdonald sudah langganan dari saya kecil untuk merayakan ulang tahun di mekdi, area makannya jyga luas dan sangat bersih pokoknya the best."
Tempatnya nyaman dan ramah pelayanannya.ada mushola tapi kecil
"Baru x ini Nemu McD yg beda banget benerÂ² sangat nyaman banget karena pelayanan servicenya sangat bagus, masuk pintu sudh di Carikan tempat duduk, ramah juga sama anak kecil sampai di samperin dan dikasih topi McD.. trimkasih MCD Duren â€¦"
Comfy place to have simple breakfast in sunny morning
Cabang yang selalu ramai dan pelayanannya sangat baik. Pernah saya kesulitan membawa makanan sehingga air soda saya terjatuh lalu pegawainya berinisiatif membantu membawakan dan pegawai lain memberikan segelas soda baru secara cuma-cuma untuk saya
Lebih baik drive thru saja karena disini physical distancing sangat ketat dan kalau mau kumpul atau ngopi lebih lama lebih baik diurungkan karena petugasnya sangat sigap bagi customer yang tidak patuh sama protokol kesehatan...hahahahahaha
"Bertahun2 gak ke sini, padahal dekat banget dr rumah.. Ke sini 3 hari lalu dan salut dgn penerapan protokol kesehatannya... Sistem antreannya juga sudah baik, semoga dipertahankan dan ditingkatkan ğŸ˜ŠğŸ‘ â€¦"
"Menggunakan aplikasi sebelum masuk ke dalam McD dan jumlahnya dibatasi. Good. Milih menu pake aplikasi jg, jadi mengurangi kontak dengan staff, staf juga membantu jika pembeli bingung menggunakan aplikasi. â€¦"
"ini mcd yg selalu rame, 24 jam ga pernah sepi, tempatnya strategis sih, walaupun ga gede2 bgt, tp udah dr dlu bgt ini mcd nya, parkir lumayan lah bisa sekitar 18 mobil, motor bisa 50 lebih, pelayan standar mcd, ramah2"
"Waw, tempat yg asyik buat kongkow bersama keluarga dan teman teman, sejuta pemandangan indah dikala malam, hilir mudik manusia dari kota kembali ke desa, jarak tidak jadi masalah ketika dibayar dengan kenyamanan.."
Area parkir yang cukup luas dengan akses yang mudah di jalan bintara raya. Dekat ke sekolahan SDIT Al hikmah.. Biasa digunakan untuk nongkrong ibu ibu yang menunggu anak2 ekskul dan sekolah
Nyaman di cek suhu sebelum masuk dan di batasi
Rame selalu... Tp dpet tempat duduk aja si..
"MCD itu pertolongan pertama banget kalau lagi malas masak atau anak rewel gak mau makan. Khusunya mCD area Duren sawit yang paling dekat dengan rumah, tempatnya enak, dekat BKT jadi sekalian mampir seteah jalan pagi. Soal rasa sudah pasti, harga juga selalu ekonomis."
"Pengunjung tidak di batasi, kami di minta scan peduli lindungi namun capasitas melebihi dan tetep di persilahkan masuk... apa guna scan peduli lindungi"
Sayang parkirannnya terlalu sempit
Nunggu hujan reda
"Dari dulu ga pernah sepiiii, parkiran luas. Dan ada mc cafenya enaaak"
"Ramai sekali di weekend, pelayanan msh bsa menghandle, staff lain lumyan tanggap."
Tempatnya enak buat makan dan santai
"kalo bisa ditingkat dua bagus deh, karna posisi dia tuh tengah tengah jd pas bgt kalo mau hangout disitu. udah gitu ada mcccafe nya lg."
Sudah menerapkan protokol kesehatan dg baik. Di awal sampai diminta no telp dan no ktp utk tracing covid. Makanan seperti biasa enak ya
"kaya mcd pada umumnya si strategis parkir luas, playground, smoking area, drive true, mcflurrynya oreo enak bgtt woi"
Saya bisa makan santai di teras. Lama tidak bertemu Mac! Itu bagus sekali.
Mcd selalu enak.
"Tempat yang tepat untuk menciptakan kenangan bersama pasangan, keluarga, dan teman sambil makan dan minum camilan yang efektif."
"Toko ini masih dalam uji coba, menerima pesan antar"
Pelayanan ojol di malam hari relatif lambat. Kasihan yang pesan lewat ojol..
"kesukaan anak laki-laki jika datang dari rumah neneknya yang wajib dibawa sekedar untuk jajan, standar pelayanan dari MCD..."
Restoran siap saji ala Amerika yang menyediakan menu spesial ayam goreng dan menu spesial minuman cola
Tempat yang populer untuk berkumpul bersama teman-teman di kawasan bkt
Sangat ramai
24 jam sehari dan selalu ramai..penyelamat saat lapar...hahahaha
Habiskan saja
Tempatnya nyaman dan ramai sekali
"Jika kebetulan Anda lapar, Anda bisa mampir ke sini"
. BKT.. yang baru dari Mcd.
"Tempatnya ramai, dan mudah diakses"
Pelayanan drive thru lebih cepat dibandingkan makan di tempat
"Prosesnya tertib, tidak terlalu ramai & cepat"
Sayangnya makan dine in berasa master chef wkwk
tempat yang bagus untuk berkumpul dengan teman2
Anakku suka banget makan mekdi ğŸ˜â¤ï¸ â€¦
Setiap pagi jalan kaki dari BKT pasti singgah disini
Nunggu antri di drive thru harus sabar
"Dekat dengan tempat tinggal, dan ramai hingga malam hari"
McD secara umum...
5 bintang karena saya menyukainya
oke mantap jiwa
Murah dan ceria
Sama saja.. Bisa diandalkan banget ğŸ‘ â€¦
Pelayanannya cepat walaupun sedang ramai
Mcd paling frame se jakarta
Bagus dan ramai
Banyak dan lancar
kerumunan stabil qlo minggu pagi
ramee enakkk mahaal
Ini yang baru atau yang lama?
Selalu ramai dikunjungi anak muda setempat
terus mengantri
Restoran yang indah Tersedia tempat parkir mobil
Lari pagi di BKT
Normal. Selera ramah. ...buburnya. Yahuddd....
Joslah
Makanan cepat saji yang andal dan mudah
Banyak sekali
Mcd secara umum
Banyak yang gila
Tidur siang dulu
Semakin banyak orang yang kesulitan parkir.
favoritku
Rameee melanjutkan di sini
Cinta cinta
Kantor Baru Saya PT.TRIHARTANA RIZKY ARDELIA
Tidak apa-apa
Jarang ke mdc bkt
Banyak orang
Sangat ramai
Selalu ramai
Oke lah
Dimana uang Ojol?
Terbaik...
hanya panas
Tidak ada tempat
Kurangnya kursi
Titik pertemuan abak timur
Oke alasannya
Akses mudah
Makanan yang bagus
Banyak yang melanjutkan
selalu ramai
Banyak yang melanjutkan
itu kejahatan
Makanan cepat saji yang enak dan lezat
banyak yang melanjutkan
mantaapp
Mnppp
Aku rindu makan di sini
Legenda Mcd. Hahaha
Sebulan sekali tidak masalah
TIDAK
Mc D
Dimana lagi...
Makanan cepat saji untuk sejuta orang
Tempat Nongkorong
Istirahat yang baik.
Ugh
Oke
Suka sekali
Ada sebuah masjid
Mnatabz
Nona
Wenakk
Tembaga
"Fast food terbaik selalu ramai, siapkan uang parkir. Ada menu baru f&b ala balado tapi baru coba minumnya asem jawa cukup enak"
"Dateng jam 10 pagi dan berharap udah bisa beli FF. Wah ternyata belum, baru ready jam 11 huhu. Yaudah deh jd aku order menu bfastnya EGG&CHEESE MUFFIN & HASHBROWN. Lumayaaan bs bikin kenyang jg. Harga terjangkau & lebih enak. Aku lebih suka ini drpd bfast wraps huhu. Pelayanan pun ok. Sampai jumpa lagiiiiğŸ‘â¤ â€¦"
"Tempatnya strategis, cocok untuk meeting point. Namun tidak rekomen untuk kalian yg ingin mencari suasana santai/tenang, karena tempat ini selalu ramai. Staff nya sigap dan sangat membantu."
"Lumayan lega tempat parkirnya, strategis di sudut perempatan lampu lalin,hanya pohon yang kurang teduh Krn pendekÂ² jadi terkesan panas, permainan anak tersedia sbg strategi dagangnya. Bisa acara hari Milad (HUT) anak dan dewasa, grup atau bukber."
"tempatnya lumayan cozy, kalo lagi ndak rame yaah... :) bangunannya jauh lebih besar dari mcd pahlawan revolusi, french friesnya juga jauh lebih crunchy"
"Udah lama gak kesini, seringnya take away. Ternyata banyak berubah, tempatnya lebih nongkrong friendly. Pesen latte yg harga lumayan murah dengan ukuran gelas yg lumayan besar, & rasanya lumayan. Satu kurangnya skrg Mc'D kalau take away llluuuaaammmaaa banget ğŸ˜± â€¦"
"Mantap, kalau habis lari pagi di bkt larinya kesini sarapan pagi pengganti nasi uduk.. untuk harga murah kalau menurut saya tempatnya bersih, ada protokol kesehatanya, tapi pelayanan buruk!"
Ada mushola nya dan pelayanan bagus...ada kolam ikan kecil juga ..
Tempatnya pas sekali di Perempatan. Jadi mudah sekali untuk terlihat dari jauh. Juga cepat pelayanannya. Sehingga antrian tidak panjang walaupun ramai sekali pengunjung nya yang datang. Ada bangku outdoor dan indoor nya. Sehingga pengunjung bisa memilih posisi duduk yang diinginkan. Silakan datang menikmati hidangan McDonald's
"Ramai.. Lokasi strategis.. Tempat duduk ada yg di luar ruangan, ada yang di dalam ruangan.. Ada playgroundnya juga.."
"Pelayanannya baik dan ramah,tempat luas nyaman dan bersih,parkiran luas"
"Mampir sejenak beli Happy Meal The Super Mario Bros untuk koleksi mainannya. Wahana bermain nya juga ramai, banyak anak-anak, jadi seru."
Tempat makan cepat saji yg selalu ramai... Pelayanan ramah dan sopan... Tempat parkir juga lega dan tempat makan sambil kongkow enak juga...
"Restoran cepat saji McDonald's ini buka 24 jam. Ada fasilitas drive thru, jika ingin memesan makanan tanpa parkir dan turun dari kendaraan. Ada fasilitas toilet yang berada di dalam lokasi restoran. Mushalla ada di â€¦"
"Suka bgt nongkrong di McD ini ,tempat nya lumayan luas ,walaupun parkir nya belas bgt , pelayanan ramah cepet lagi ,bisa terima debit , credits card dan cash jadi biasanya klo abiz ziarah ke pondok kelapa pasti meliput kesini"
Abis jogging dan belanja2 di Pasar murah di area BKT mampir disini.
Makanan standart mcd dengan harga standar Layanan end user terkesan acuh dan cuek bebek mau shift pagi siang ataupun â€¦
"Standard fast food restaurant, they're service same as other mcdonald's But there's a renovation going on here."
"Tempat terjangkau, parkiran cukup luas,tempatnya bersih, untuk rasa dan harga SNI kok."
Kopinya enak ğŸ‘ Menjalankan protokol kesehatan ğŸ‘ Staf kurang berpromosi untuk promo yang sedang berlangsung â€¦
"Ksni tdi cbain burger yg baru..allhamdulilah enaaak sih,porsi kenyangğŸ˜…..krna tdi pesan dilayar cetcet,agak lama â€¦"
"Super duper rame bingit ini tempat, mungkin karena memang tempatnya strategis pas perempatan juga kali ya.. Kebanyakan abg yang nongkrong disini jadi pas mampir cuma bisa take away.."
"Enak buat nongkrong, menu kopinya juga mantap. Tuk makanan standar aja"
"Rapih, bagus, ada musholla di blkg tempat makan. Lokasinya pun strategis di perempatan. Parkir motornya cukup luas, mobil yg agak sempit. â€¦"
"Salah satu McD di Jakarta Timur dekat BKT, tempay strategis ngga pernah sepi semakin malam semakin ramai. Parkir luas tempat duduk lumayan banyak suasana rame banget dari jalan raya dan pengunjung lainnya. Pelayanan oke ngga nunggu lama"
Kalo nyari tempat nongkrong yang pas bisa sambil makan disini enak ko rame
nice and strategic location. oftentimes too crowded. maybe they need to upgrade the space.
"Selalu ramai, sampai terkadang sulit mendapatkan tempat duduk. Tapi pelayanan dan makanan terbaik ğŸ’ª â€¦"
Nyaman dan bersih
Selalu rame. Kalo take away cepet sih pelayanan nya. Pelayanan : bagus Harga : ok lah â€¦
"Ramai sekali kalau di week end dan harus berebut kursi, mesti di pikirkan lg untuk penambahan kursi dan meja"
"nyaman bgt tempatnya, enak buat nongkrong atau bljr. gak bgtu berisik, paling berisik cuma suara mobil sm motor lewat aja selebihnya ok. tempat cuci tangan bersih, protokol kesehatan sangat amat ketat dijalankan. overall 80/100 ğŸ‘ â€¦"
"MC'D lokasinya yg bagus dan strategis banget, sehari hari banyak yg berkunjung. Buka 24 jam, akses masuk bisa dari dua sisi jalan. bisa dari Jln R. Soekamto dan Jln Radin Inten karena lekosi memeng di perempatan."
"Semuanya baik baik saja kecuali PETUGAS PARKIR, sibuk minta duit aja ,markirn tidak ,bantu kluar mobil ke jalan raya pun tidak. Beda dgn petugas di Burgerking"
Bagus suasanya buat anak anak
"Great place for hangouts, but sometimes can be over crowded. Espescially a Saturday night. ğŸ˜‰ â€¦"
Tempatnya selalu rame (jadi kl bwt nyari ketenangan diri / nugas susah) Parkir enak luas.
"Tempatnya enak,tapi agak susah klo makan di tempat krn banyak yg betah lama duduk di sana,wlwpun hanya minum es doangğŸ˜‚krn ada wifi gratis jd pd betah ngerjain tugas lama2 disanağŸ˜´ â€¦"
Lokasinya di perempatan jadi belok nya rada mengganggu pengemudi lain dibelakang jika lalu lintasnya sedang ramai. Area makannya luas dan bersih dan disaat pandemi ini standar protokol â€¦
"Quick response and fast service, quite many seatings. We had one with power outlet. We were ordered ice cream and mango fizz, it was refreshing."
"Ok , yang penting kalo saya request makanan McD, ada respon nya Saat ini es sundae porsi lumayan penuhğŸ™ â€¦"
"Ga ada tukang parkirnya. Meski ga ngerti harga PaNas sekarang dan ga ngerti mau makan apa. Parkirnya lengang, mingkin karna malam betul. â€¦"
"Tempatnya sangat strategis. Ada tempat duduk juga dekat dengan parkiran, jadi bisa makan sambil tetap dekat dengan piaraan yg sedang ikut di mobil. Semoga besok2 ga dilarang bawa peliharaan selama tetap diluar ya."
Tempat ini selalu ramai (buka 24 jam) dan kebetulan dekat dengan tempat kerja saya. Umumnya orang datang kemari untuk sekedar hang out saja. Dan rata - rata yang datang umumnya anak anak muda usia 20 an sampai 30 an. Walau demikian banyak â€¦
"Letaknya sangat strategis,ada di sudut jalan,mudah di cari, selalu ramai apalagi akhir pekan. Cocok buat hangout kawula muda. â€¦"
"Persis di perempatan jalan, lokasinya jadi strategis dan bersebelahan langsung dengan burger king. Sebenarnya tempatnya cukup luas, hanya saja karena saat saya kesana sedang ada â€¦"
Tempatnya luas. Tempat parkirnya juga luas. Ada mushollah dan tempat main anak-anak juga. Service nya bagus. Kasir ramah dan petugas bersih-bersihnya juga sangat cekatan â€¦
Tempatnya untuk berkumpul dan bersantai dengan kawan
"It's always a busy place and ready for 24 hours. Limited space for many people. Physical distancing is a must. The touch screen machine are available for 2 screens. Since it's always busy, I think it's better for this place to add more â€¦"
"Diningnya lumayan luas walau bila ramai bisa menjadi hitungan kecil, utk area smoking sangat cocok tmp nongkrong anak muda. Kebersihannya lebih ditingkatkan lagi kalau bisa, minimal 1 orang gantian handle lobby sekedar bersihkan meja saja pls. Utk menu sama saja dg McD lainnya."
"tempatnyaa nyaman, tapi semenjak ppkm lebih disarankan menggunakan drive thru... dan ituuu padat sekalii, lelah menunggu lama. Overall baguss sihh tempatnya rekomended"
Lokasi strategis dan dekat Tempat tinggal
masa mau makan di usir kan bayar ya padahal orang ada juga yang makan tapi cuman kita yang di usir nih lama lama saya dan keluarga gak kesini lagi
Luar biasa ...tp g nyaman karna bangkunnya terbatas
"Dari jaman SMK udah suka kesini karena ga jauh dari sekolah, tempatnya strategis banget karena di perempatan yang rame banget, parkiran cukup luas walau sering penuh, kursinya ga sebanyak dulu karena sekarang ada mc cafenya."
Selesai joging pagy k sni ma ank2
"Nice place, good food, nice ambience, wide parking area, well prepared system for drive thru. new POS system can make transaction quicker which is good for customer experience. Bad service for staff who standing on main entrance gate. He â€¦"
"So strategis sekali tempatnya, ntabs dah mcd"
"Tempat yg strategis buat yg punya teman"" yg hoby nongkrong sampe pagi dini hari."
"tempat sangat strategis namun area parkir sangat terbatas untuk parkir mobil, cukup memadai untuk parkir motor. pelayanan drive-thru memuaskan. area makan indoor outdoor cukup memuaskan. akses â€¦"
"Tempat makan cepat saji yang terletak di pojok jalan. Cukup ramai, khususnya jika akhir pekan. Terdapat ""drive thru"" jika anda membawa mobil dan berniat membawa pulang makanan. â€¦"
Disini pelayanannya enak. Kita tidak perlu mengantri untuk ambil makanan. Karena makanannya diantar sama pelayan. Ada mushola. Parkir luas. Pake livin by mandiri cashback 50rb
"Pas balik lagi ke Jatibening perut lapar ya berhenti makan dulu tp hrs menunjukkan klau sdh vaksin tp sdh bnyk juga yg vaksin yg barengan sm saya ,saya masih jadul jadi antrinya msh dikasir"
Tempt makan yg buka 24 jam .untuk pemesanan sekrng menggunakan sistem penginputan sendiri dilayar besar .yg stafnya selalu stand by untuk membantu . Mempermudah karena gak perlu antri panjang .tinggl bayar dan tunggu sebentar makanan lgsung tersedia
Suka sih sama menu ayam n ice creamnya. Tapi kadang suka susah dapat bangku didalam. Klo bawa anak kecil kasihan klo diluar banyak perokok soalnya. Sarannya sih kalo bisa ditambahlah kursi makan didalam.
"Sangat cocok untuk kita semua, tempatnya bersih,dan sangat nyaman untuk keluarga dan masyarakat,parkir luas silahkan anda kunjungi Mc Donald tsb ğŸ‘ â€¦"
"sama seperti outlet mcd lainnya, cuma untuk petugas tolong diperhatikan apabila pengunjung diminta scan barcode peduli lindungi apakah hasilnya bisa masuk atau sudah melebihi kapasitas.."
"Enak buat nongkrong,parkir luas"
"Menurutku lebih enak jaman waktu awal2 dulu yg sistim klasik, klo yg skrg malah jadi lambat+ga efektif ajaa... Tempatnys jg jadi sempit..."
"Seperti resto McDonald's pada umumnya.. cukup ramai, terlebih dihari libur. Tempat keluarga untuk relax setelah sibuk bekerja. Menunya standard .. rasa juga sama dengan resto yang sama ditempat lain, yang â€¦"
"salah satu tempat makan cepat saji yang lokasinya strategis, kayaknya memang selalu rame. tapi pelayanannya sedikit bermasalah karena pesanan dan menu yang disajikan berbeda. Mushalla, tempat makan atau toiletnya bersih."
"Tempatnya cozy, rame ga pernah sepi, parkir mobil cukup tapi banyak motor parkir di parkiran mobil. Toilet di dlm agak kurang terawat tp fungsional & tissue ready."
"Parkir luas, tempat agak rapi dan nyaman. Lihat suasana, sih. Kalau ramai bisa rame banget. Kalau sepi bisa langsung pesan. â€¦"
Tempat makan yang satu ini letaknya sangat strategis diseputaran Pabuaran Duren sawit.. Deket ke jalan Satrio Casablanka bagian timur.. tempat nya OK dan toiletnya bersih dan pelayanan nya prima.
"Beli via dive thru, pelayanan terburu2 blom selesai pesan padahal antrian depan belakang kosong"
"Tempat yg strategis di perempatan lampu merah,parkir oke.... Cuman pelayanan kurang memuaskan, Kenapa saya bilang begitu, karna lazimnya resto cepat saji ya pengunjung jgn â€¦"
"buat sekarang protokol kesehatan di McD ketat banget si, sampe harus di waiting list wkwk penyesuaian pengunjung sama meja yg ready, sayang banget disini Msuhollanya kecil jadi ya gitu harus antri. buat sekarang ga disediain sarung, mukena, dan sejadah yaa"
"Standar McD dimanapun, good place, good service and good food. Pastikan pake jaket, ACnya duingiin.. Area bermain anak dah diganti area khusus ngupi cantik.. Cocok buat yang kenyang dan cuma pingin ngupi sambil selfie."
"Mantap drive thru nya, tapi ko kesannya kaya kurang ramah buat yg pesen eskrim (doang) ya walaupun doang tetep pembeli sih :'"
"Tempat strategis di hoek jadi bisa masuk dr 2 arah jalan di perempatan, pelayanan cukup tanggap, ada sistem jemput bola kalau drive thru padat"
"Sekarang uda self-service lho. Jd kita cm klik2 di touch screen menu apa yg kita mau dan bayar (bisa pake atm, cc juga dan kita mengoprasikan mesin gesek itu sendiri). Setelah itu, tunggu deh pesanan jadi sesuai dgn nomer antriannya. Ada juga tempat main buat anak2 jadi bisa sambil nunggu"
"Restoran cepat saji ala amerika, tersedia parkir mobil dan motor. Ada dua pintu masuk (selatan dan timur). Tempat duduk afa indoor dan ada outdoor, lumayan ramai, hampir selalu ramai. â€¦"
"Proses nya baik & antri diluar dulu kalau penuh sesuai kapasitas yg ditentukan & ada personil yg mengaturnya. Pelayanan cukup baik, ramah n cepat."
"Tempatnya strategis, dteng lg ada renovasi jadi untuk tempat duduk terbatas. Ada tempat duduk juga di luar. Parkirang cukup luas. Dekat perempatan lampu merah. Pelayanan ramah."
Tempatnya berada di pinggir jalan. Deket perempatan lampu merah duren sawit yg biangnya macet plus lampu lalu lintas hijaunya yg kilat. â€¦
Jadinya drive thru deh...ğŸ˜¢ â€¦
Menunya sama seperti MCD pada umumnya. Letaknya yang strategis diperempatan lampu merah. Sebelahnya ada burger king dan domino pizza. Tempat nongkrongnya enak dan 24 jam. Lumayan buat begadang ngobrol sama temen2.
"Tgl 2-10-2021 drivethru lagi riweh hadiah tempat minum 4 botol lupa dikasih ke saya dan saus asem manis mcnugget lupa dimasukin, saya nya juga lupa.. sebenernya uda sering take away ada aja yg ke tinggalan..."
"Buka 24 jam..meskipun masih kondisi corona, tempat ini masih cukup rama dikunjungi dengan tetap menjalankan protokol kesehatan covid-19"
Salah satu Mc Donald's yg berada di per4an jl. Raden Inten. Duren sawit.untuk tempatnya ya sangat strategis sekali dan sangat mudah di jangkau.tempat parkirnya cukup luas untuk mobil dan motor. Bisa drive thru. Ada tempat bermain anaknya juga. Selalu ramai dari pagi sampai pagi lagi.
"Tempat duduk indoornya kurang, sehingga gak nyaman makan di luar. Gerah"
Baru tau kalau di mcd gak bisa pesen ayam aja (gak pakai menu paket) kayak di resto2 ayam kriuk lainnya. â€¦
Lokasinya enak dan bagus... Parkirannya cukup luas dan strategis... Klo untuk ajak keluarga dengan menikmati suasana d BKT cukup enak...
"Di jam tertentu sangat ramai, akses sangat mudah untuk ditemui. Dipinggir jalan besar, parkir terbatas apalagi dimalam Minggu."
"Karena ada play ground nya, anak anak jadi suka sekali, mungkin lebih diperbesar tempatnya, karena pada saat penuh dengan pengunjung keliahatan sumpek.."
"McD outlet yg paling dekat dengan rumah. Mudah utk dijangkau, walau pada jam2 tertentu jalan disekitaran McD sangat ramai."
"Untuk makanan french fries dan burger, mcd juara dah. Dan yg paling keren menurut saya itu mainannya. Koleksi ganti2 terus dan bagus2. Untuk ayam saya lebih suka ayam kolonel, tapi itu selera. Fried chicken mcd juga enak. Dan pelayanannya â€¦"
"Dari bandara naik damri, kebetulan berhenti depan sini jadi sekalian makan sini. Ya sama ana kyk mcd2 lainnya. Cuma yg ini enak sih lumayan besar. Jadi agak nyaman kalo makan disini."
Resto Mc D dengan lokasi cukup baik dan tertata baik juga hanya saja berada di perempatan dgn traffic light yg cukup oadat hingga kadang2 susah untuk kekuar resto.
"Karena terletak di persimpangan dengan lalu lintas padat, agak susah untuk masuk ke parkir/drive thru."
"lokasi tepat di pinggir perempatan lampu merah bkt, strategis sekali.parkir gampang, ada playgroundnya cocok buat anak2. buat tempat santai juga bisa..."
"McDonald's Raden Inten seperti biasa posisinya terletak di sudut jalan, sehingga mudah untuk dikunjungi. Buka hingga tengah malam dan dini hari, sehingga menjadi penyelamat bagi yang â€¦"
Cukup rame dan letak di perempatan lampu merah agak susah akses masuk bila dari arah yg berlawanan
"McD kudus sangat strategis tetapi kurang puas dengan pelayanannya. Kurang luas tempatnya. Si cs selalu menawarkan paket combo sampe bener2 harus beli yg paket aja. Agak kesel, tapi ya gimana ya, enakkkkkk sihhhh ğŸ˜ğŸ˜ğŸ˜ğŸ˜ â€¦"
"Tempat asyik untuk menongkrong bersama teman atau keluarga, dengan harga yang terjangkau anda sudah bisa kenyang dengan makanan yang ada. Tempat yang bersih dan nyaman membuat pengunjung betah berlama lama di sana"
"Beli Happy Meal, berhadiah We Bare Bears"
"Buka 24jam, McCafe nya lengkap. Cm kl minuman pakai whipped cream, lebih banyak whipped cream nya drpd minumannya. Jd pesan 1 berasa kurang. Ac sedeng aja dinginnya, meja pas2an."
"Kurang suka dengan sistem pesan lewat mesin, jadi lama dan tidak efisien menurut saya. Tapi sistem antar ke meja sekarang membuat makan di mcD ini lebih nyaman(walau terkesan manja)."
"Setelah renovasi jadi lebih nyaman, selalu ramai terutama weekenend, lebih banyak kursi kosong di luar, di dalem selalu penuh"
"Tempatnya cukup rapih,tp banyak ojol yg pesan makanan agak berantakan karena tempatnya kurang luas"
"Pertolongan pertama pada kelaparan... buka 24 jam, pas rumah kebanjiran ngungsi sementara kesini juga, sering buat titik kumpul janjian sama temen"
"Berhubung waktu datang pake motor di siang hari, parkirnya panas, gak ada buat teduhan... Tapi pelayanannya baik, good lah buat nongkrong..."
Bincang2 oke cocok suana...apalagi kalau tempat lebih oke pasti full ramai...
"Prokesnya ketat bgt, yg blm vaksin ga boleh masuk resto apalagi makan di tempat. Salut sih. Utk makanan ya standard mcd aja."
Tempat nongkrongnya anak anak muda dan yg pasti lokasinya yg di perempatan lampu merah dari mall buaran jl raden inten arah pondok kopi kalimalang selalu ramai apalagi malam hari..jadi pengen nongkrong sambil makan Burger lagi kl lewat sana...
Okelah buat nongkrong bareng keluarga atau teman-teman.parkirny lumayan luas.ada wifiny jga walau terkadang sering eror jg.
"Tempatnya bagus dan pelayanan para pekerja juga oke, saat hujan dbantu dberikan payung masuk ke mobil"
Tempatnya enak dan bersih. Hanya saja saat akan masuk harus scan barcode yang agak ribet dan lama.
"I really like this place when I was in senior high school, since my school is nearby. it has Wi-Fi, place was comfortable, cold inside, and many power outlets. â€¦"
"Mc D yg ngk pernah sepi ini, terkadang sampai kehabisan menu, mungkin karena letaknya yg strategis pelayanannya cukup cepat namun kurang ramah, ada tempat bermain anak juga, serta parkiran yg cukup luas"
"Kadang sering banget ada pengunjung yang kurang sopan,naruh Makanan bekas yg belum habis sembarangan"
Tempat strategis Dekat perempatan Parkir mobil nya tidak terlalu luas
"Ga pernah mkn di sini, cuma lewat2 doang.. haha"
Luas Strategis Ada indoor â€¦
Untuk makanan sdh standard SOP fast food. Yang sdh baik lebih baik lagi.
"Tempatnya strategis dan mudah dijangkau, ada tempat bermain anak2 hampir setiap Minggu kesini sekedar nyenengin anak"
"McD terbaik di area duren sawit. Tempat selalu rame. Sekarang sudah menggunakan layat LCD. Untuk yang nongkrong, tersedia banyak kursi baik di non smoking area ataupun smoking area. Terdapat McCafe disini."
"Selalu ramai ,karena lokasi pas di hook pinggir jalan raya"
Bagus saat ini menjalankan protokol kesehatan
Free wifi.. Enak mah pasti.. Bersih.. Tapi kasirnya suka ga ngebrel kalo paket mo di up size ğŸ˜€ â€¦
Lebih banyak area outdoor yg di dalam ruangan ber AC jadi sempit kena mc cafe
"Cocok buat anak muda, buka 24 jam cuma pelayanan payah, mesti ngantri pake nomer."
"Tempat makan yang cukup strategis. Berada di perempatan lampu merah, bisa menjadi alternatif di kala macet, tempat parkir luas."
Selalu ramai sekali kalo mampir ke sini..
"Untk tmpt klo msih untuk skdr mkn sh ok lh, tpi klo utk nongkrong lma2 itu kurang nyaman aja sh posisi nya."
"tempat cozy buat break makan siang,makan di pagi buta,cuma untuk layanan sanitasi/ toiletnya kurang banget soalnya sempit."
Varian terbaru dari mcâ€™D ini selalu bikin nagih hingga bikin pembeli nya selalu mau untuk membeli. Tapi terahir sy makan FriedFrice bolognese itu kayaknya agak kurang... asam asam gimana gt.
"Mungkin tadi lagi rame ya, gue pesen bigmac dikasih mcspicy wkwkwkw. Overall sih bagus tempatnya bersih pelanannya cepat."
Tempatnya ramai banyak pengunjung tapi alat pengering tangan harus di perhatiakn dan kalau rusak cepat di ganti jangan di diamkan saja
Posisi strategis 24 jam selalu ramai. Ngerasa agak sempit sekarang ruangan mcD.
Semua menu standard Mc D pasti enak..didukung lokasi strategis..tempat makan luas outdoor indoornya..ada bangku diluar nongkrong jadi tambah seru.
Tempatnya udh bagus sekarang. Ada McCafe nya..tpi tolong diperluas untuk pembayaran melalui mesin...karena sempit dan memakan waktu yg cukup lama.
"Asik buat nongkrong sendirian ramean bareng pacar keluarga selingkuhan.. Mantan pacar, mantan pacarnya teman, teman yg gak punya pacar. Mantan sahabat dsb..."
Ngga ada beda sama McD pada umumnya.. biasa lah buat anak aja klo ke fast food..
Tempat yang Cocok utk Oleh Raga.
Dari tempat berada di hook jalan besar. Jd agak macet biasanya jika ingin kesini. Untuk tempat ga gitu bsr. Dri makanan dan service selayaknya Mcdonald pada umumnya
Oke. Ngantrinya mesti diperhatiin. Krn ga dikasih tempat khusus. Jd umpel2an di depan tempat pengambilan makanan . Hiks.
"Tempat yang strategis,ada tempat main anak dan bisa untuk acara pesta sikecil pas ngerayain ultah."
tempat nongkrong asik nih... bareng temen pacar atau keluarga... sekalian makan atau sekedar ngemil aja boleh jg...
Tempat transit untuk sholat meski ada kekurangan yaitu lokasi musholla dekat lubang pembuangan sampah
"Serius, crowded banget kalo friday night. Gak Kebayang kalo saturday night. Hygiene nya agak bermasalah. EspeÃ§ially about the toilets"
Crowded as it is very popular place around here. Pizza pie is not a recommended seasonal menu. Oreo Mcflurry still the best ice cream in fastfood chain.
Tempatnya bersih&nyaman..penyajian nya jg cepat.
"Pelayanan Drive Thru , cepat dan ramah"
"Di sini parkirannya sempit, kalo mau drive thru harus langsung pergi, ga bisa makan di parkiran"
Tempatnya nyaman ada menu lainnya juga Kopi dan cake
Walaupun tempatnya agak kecil tapi enak banget buat hangout sama temen sambil makan french fries
Suka ke. Mc D selain es krim.. Pasti Ada musolanya yg bersih..mau berlama nongki.. Gak resah or repot
mungkin lebih teduh dan nyaman jika bagian outdoor sebelah kiri dari pintu masuk utamanya ditambah sedikit kanopi
"strategis, lumayan gede tempatnya, suka macet diperempatan, bisa drive thru, seperti mcd pada umumnya"
Kalian bisa pesen bagian ayam yg kalian mau. Klo di blng g ada. Blng aja saya mau nunggu sampe ada:)
Maybe they could add 2nd floor to fit all customers be seated. Crowdy yet they can keep up with all order with staff's fast service.
"tempatnya nyaman, sejuk untuk makan sambil diskusi. tapi untuk jln drive truenya terlalu sempit..."
"Lumayan nyaman, hanya saja tempat untuk bermain anak-anak berdekatan dengan smoking area"
Tempatnya 24 Jam buka tp yang ga enak itu harus ngantri Pesan dan ngantri Makan hahaha
Strategis. Jangan kaget kalau ramai ğŸ˜Š â€¦
"Nikmati ngobrol sepuasnya, karna buka 24 jam.. Dengan suasana lumayan nyaman."
Tempat asik buat nongkrong dan kumpul bareng teman.. Pelayanan juga bagus
Tastefull but very crowded at night
Tempat parkirnya sempit. Selalu ramai hampir tiap hari
"Menu mungkin sama tapi yg buat nyaman tempat telah diubah, membuat pengunjung nyaman"
Pesanan makan nunggunya lama .parkir luas restoran nyaman buat nyantai.
Tempat ini rekomen untuk berkumpul dengan keluarga dan teman2 untuk menikmati hidangan cepat saji
"Fast food pertama di seputaran buaran, tempatnya enak untuk kumpul dengan teman atau keluarga sambil menikmati burgernya..."
Anda bisa pesan makanan cepat saji yg enak sesuai selera
Open 24/7 good for quick eat and drivethrough. Located on the corner of the street. Easily visible and easy access
"Tempatnya cozy, pinggir jalan raya akses jadi mudah"
Strategi..dr jalan utama..pelayanannya jg ramah..
Lumayan rame.. semua mcd ampir sama aja rasanya
Tempat makan bersama siapa saja. Tempat merayakan ulang tahun atau acara lainnya di sini
"Sangat sangat ramai untuk akhir pekan dan hari gajian, antrian panjang jadi harus bersabar. Ada banyak kursi yang tersedia."
Tempat yang menyenangkan untuk berkumpul bersama teman-teman dan mengadakan acara. Ada drive melalui. Selamat makan selalu update. Bikin bocil punya taman bermain mini.
"Selalu ramai, ruangan dingin dan ada permainan anak-anak."
Sangat menyukai tempat ini.
Tikum wat touring
"Selalu ramai, dan cukup nyaman."
Belum ada tempat wudhu bagi perempuan
Rasanya enak dan pelayannya ramah
Selalu ramai.
"Tak pernah sepi, selalu ramai"
Taman bermain anak cukup luas.
"Enak, nyaman, ramai"
"Ke sini dulu ya guys, yang lapar"
"Blum mencicipinya, baru saja lewat. ğŸ˜„ â€¦"
"selalu ramai, bagus"
Kebersihan masih kurang
Standar Macd
Agak berantakan karena selalu ramai
Malam hari yang ramai
Akhir pekan penuh
Selalu ramai setelah JLPT.
Dimana lagi ini?
Miliki tempat di luar :)
Sama seperti McD lainnya
Selalu penuh dan ramai
Tengah malam masih ruame bingitz
Bli Bu
itu
Tempatnya ramai
Oke siiiip
McD secara umum
Selalu ramai
Selalu ramai
sangat banyak
Ikatan tmptnya
Saya suka coklat
stabil
Banyak
Oke tunggu
rameee banget...
bisa makan di tempat
Mantuuul
Bagua
Cantik
Sipp
DFS
Monyet manta
Asia
OKE
Banyak
Banyak
banyak
ooooo
luar biasa
24 sudah
Istirahat teratur
Bukan
Kerrrree
Yummmiee
"Untuk pengemasan Drive thru nya tolong di periksa lebih detail lagi, beberapa bulan yg lalu saya beli paket 5 ayam dapatnya cuma 4 dan hari ini beli 5 ayam dan mcspicy namun tidak mendapatkan saosnya. Dikarenakan saya Drive thru memakai motor jadi saya tidak bisa mengecek ulang item di tempat"
"Ga pernah sepi, dan karena rame terus jadi agak jorok tempatnya. Kalau kesini mending drive through ajah. Oiya satu lagiâ€¦. pelit banget sama sambel sachetnya yaaaaâ€¦. â€¦"
Makanan kurang panas dan fresh...suasana ramai dan ramai Karyawan area makanan gercep dah... Supervisor ya harusnya murah senyum jangan tegang hehehee
- pemesanan bisa via monitor kiosk tapi hanya ada 2 unit sehingga orang-orang harus antri panjang saat jam makan siang. harusnya sih bisa mencontoh resto lain yang bisa pesan dan bayar dari hp pake scan qr code â€¦
Ya semua udah tau bgmn mcd ya Cm reminder utk seluruh pegawai. Kalau drive thru. Pesanan pelanggan di cek kembali. â€¦
Overall OK hanya fasilitas parkir yg perlu di atur lbh baik agr tdk menimbulkan kemacetan bahkan pelayanan drive thru juga perlu ditingkatkan agar antrian tdk panjang.
"Tempat lumayan luas tetapi porsi tempat duduk sepertinya lebih banyak yg outdoor dibanding yg indoor, saat siang sulit mencari tempat duduk indoor karena penuh. â€¦"
"Tempat nya cukup strategis, kalo laper nunggu lampu merah lama bgt bisa melipir dulu kesini.. Tapi rame dan banyak bgt abak abg nongkrong! Jadi agak noisy dan kotor.."
"Sepanjang makan di MCD, makan disini doang yg kurang nyaman. Tempatnya yg selalu rame dan penuh. Tempat duduk yang terbatas. Dan minimnya pegawai yg cekatan ketika org pergi ga langsung diberesin. Semoga bisa ditingkatkan lagi"
saya pesan paket yg dari aplikasi McD nya. saya pilih paket yg besar tapi yg Dateng ukurannya kecil bgt. makin lama yg di duren sawit ayam makin kecil ga kaya dulu atau McD yg lain nya.
"Mungkin ini bangunan lama ya jadi kesan petama kali adalah kusam. Fasilitasnya standar Mcd, gak ada yang istimewa. Pelayanannya agak lelet ketika saya berbelanja, mungkin karena kewalahan (restoran ramai pada saat itu). â€¦"
Resto cepat saji menyajikan burger dan ayam goreng yang berlokasi di terusan casablanca perempatan raden inten. Resto ini selalu ramai pengunjungnya. Lalu lintas ke lokasi juga selalu padat. Parkiran agak kurang luas sehingga terkadang â€¦
"Ini sebenernya gue cuman iseng iseng aja ngasih review, karena intinya gua ini lagi cari cari poin tambahan buat Local Guide Google Maps. Kalo bisa lebih dari dua ratus karakter kan lumayan tuhh dapet poinnya duapuluh. â€¦"
Pelayannya ramah ramah... Kritik saya ayam gorengnya kurang pas matangnya. Pas saya belah masih ada tepung yang masih basah dan kurang crispy. Tapi rasanya tetap enak jadi semuanya habis saya makan. Hehehehe
"Lokasi ini ga begitu recommended kalau buat ketemuan sama temen karena kalau dari arah Buaran, harus muter balik yang di simpang siurnya itu penuh sama antrian kendaraan dari segala arah. â€¦"
"Deket rumah gue, sering kesini jg karena tempatnya asik buat ngobrol bareng tmn. Tp kadang mles pesen mcd dsini klo lewat ojol. Dikasih saus nya dikit bgt. Malah pernah gak dikasih saus sama sekali. Mau komplain jg buang2 pulsa. Bintang 3 aja deh ya"
Ribet masuknya.. harus isi data.. ğŸ˜ğŸ˜€ sampai di minta nik juga kaya dukcapil.. ğŸ˜ i know its on pendemic situatuion.. tapi cari cara lah supaya costumer gak ribet. Bikin bilik disindektasi lah. Atau sistem lain lah.. ğŸ˜ŠğŸ‘ğŸ»ğŸ‘ğŸ»ğŸ‘ğŸ» masa gak bisa... ğŸ˜ŠğŸ˜ŠğŸ˜ŠğŸ‘ğŸ» â€¦
Kurang bagus pelayanan nya customer di berikan nomor untuk diantar makanannya ke meja namun tidak di antar2 sehingga harus menunggu lama dan akhirnya customer harus mengambilnya sendiri kembali di tempat antrian loket pengambilan pesanan makanan. Kalau teknologi cara pemesanan sudah cukup modern
"saking ramenya pengunjung, orderan take away gw ga di kasih saos sama straw coba!!! sedikit kecewa sih yah, take away juga kan tetep antri, masa uda antri lama trus di gituin sih??! sayang banget kan"
"Untuk yg numpang WiFi mungkin oke, tuk yg bawa keluarga plus anak kecil kurang nyaman, keluar parkir ga ada yg markirin padahal pas banget perempatan besar."
"Terletak di perempatan jalan yang padat, strategis namun kadang menyulitkan ketika hendak keluar. Tempat ini selalu ramai, junk food masih dicintai di Indonesia ğŸ˜ğŸ˜ Pelayanan drive through- nya sejauh ini oke... â€¦"
"Tempatnya yang sangat strategis, membuat tempat ini tidak pernah sepi, pegawai yang banyak dan good looking, membuat tempat ini cozy untuk makan. Walau banyak pesaing di sekitar seperti burgerking, wendy's, KFC dan lain-lain, Mc'D selalu â€¦"
tempatnya bagus.. tp kurang puas di tempat untuk wudlu.. ada baiknya di kamar mandi ada keran air untuk wudlu.. krn wudlu di luar dekat mushola terlalu terbuka untuk wanita
Rame bngt..kebanyakan cuma anak2 abege numpang nongkrong..
"MCDonald's 24 jam di jalan arteri perempatan besar Kanal Banjir Timur, Jakarta Timur. Tempatnya selalu saja penuh dan ramai, sehingga pelayanan staff nya agak kurang â€¦"
"Ramai sangat, sulit mencari tempat duduk apalagi kalau malam"
"Sering bgt es krim nya gak ada, alesan lagi dibuatlah. Masa tiap mau beli eskrim, lg dbuat mulu. Aneh!"
"Staff nya sebagian ada yg rese. Sekali kesana, pesenan aku di lewatin 2 org.. Kedua kesana, cekcok masalah payment. Mngkin pas lg rame."
"Enak karna ya fast food di McD harganya ya standar lah buat berbagai kalangan. Kurangnya, McD duren sawit ini terlalu strategis tempatnya, jadi jalanan didepannya selalu macet , terus juga rame terus jadi terkadang harus nunggu beberapaa menit biar dapet tempat karna kebanyakan orang yang mesen dikit terus nongkrongnya lama"
Drive thru disini ayamnya kecil-kecil. Pernah pesan paket panas 1. Yang dikasih sayap ğŸ¤£ â€¦
"Had to queue for 20+ min and keep reminding them to serve my food. Large parking area and has many table and seat, but it's always full house every Sat night. Protip: ask you friend to find and seat on thr table while you queuing for food."
"Rame pengunjung sampai susah cari tempat duduk, sayang kursi di luar di teras tidak ada kanopi,jadi klo ujan yah basah"
Tempat'y lumayan nyaman n strategis. Namun playanan kurang n harga'y sdikit Tdk sesuai dgn yg ad dimenu n iklan2
"Sangat nyaman, pelayanan yg ramah. Pioihan menu nya banyak. Nyaman untuk bawa anak"
"Dekat dri rumah.. Kira2 30 menit bisa tiba di mcd.. Terkadang setelah antar anak sekolah singgah dulu di mcd, utk cari inspirasi pekerjaan. Karena ada McKafe-nya dan ada wifi.."
"Lokasi strategis, namun tempatnya tdk terlalu luas untuk mcd yg banyak dikunjungi dan rame trs, pelayanan dan kebersihan sama dgn mcd lain."
"Crowd place and paid attention for publicly, it has a outside table and usually occupies during evening. Wifi free here, car parking limited area, motto bike parking available and drive through also here available."
Kecewa.. Mcd kertas makan aja berbayar saos dijatahin.. Apa apa semua berbayar sekarang di mcd didutin.. Saingannya kertas makan daridulu ga berbayar minta saos lagi pasti dikasih.. Uda puluhan tahun makan di mcd tp sekarang sy kecewa ga bakal mau balik lagi
"Mcd nya kemaren lagi berantakan sekali, aernya mati, cuci tgn pake aqua , jadi jemberr, meja didalem jadi sedikit sekarang, udah gitu bnyk anak2 muda cuma mkn dikit seharian disitu, ga se asik dulu lah"
Kecewa sama pelayanannya beli paket panas spesial minta ayamnya paha atas atau dada dikasihnya sayap
Mc donald buaran restoran cepat saji berada di lokasi strategis perempatan lampu merah buaran jakatta timur. Ada di sebelah burgenr king. Pengujung selalu ramai setiap harinya
"Parkirnya pas2an. Pesan makanannya sudah bisa dilakukan dengan mandiri, walaupun masih banyak yg blm familiar"
"It's okay to have fastfood here, such like fried chicken and rice, burger, and sundae ice cream. Location is quite good with lots sapce of parking area for cars and motor cycle. It is usually crowded here in the weekend so you have to wait in a long queuing line ğŸ˜Š â€¦"
Asik sih... tmpat nongkrongnya tapi ga ada kopi gratis buat ojol ğŸ˜†ğŸ˜…ğŸ˜„ğŸ˜ƒ â€¦
"Tempatnya luas. Banyak mejanya. Prokes juga ketat, walaupun dekat dengan RSDC Wisma Atlet"
"Fasilitas umum seperti mushalla nya kurang diperhatiin size nya oleh pemilik, karena kecil banget"
Kalo drive tru disini pasti selalu ada yg kurang pesanan. Harus lbh teliti dan cek dsini
Pintu masuk tidak ada ramp untuk pengguna kursi roda
"Mc Donald di perempatan jalan kol sugiono tempatnya strategis, klo perut terasa lapar tinggal belok dan parkirnyapun terlihat rapi jadi memberikan kesan nyaman."
Tempatnya shi lumayan lebar cmn sayang antrinya sangat melelahkan 2 jm..
Tempat nya kotor.. pegawai byk tp hanya satu org yg membersihkan' meja dan lantai
Tempatnya nyaman tidak kekurangan bangku walaupun di luar ruangan
Beli latte frape. cup nya mlembung kebawah. Alhasil gelasnya miring dan tumpah ğŸ˜­ Harus lebih teliti lagi yaa kedepannya. semangaattt !! ğŸ’• â€¦
"Oce,T4 nya strategis untuk akses kamana aja,lumayan buat istirahat / pertemuan"
Salah satu yg saya suka adalah es krim cone nya yang enak rasa vanilla. Dan harganya relatif murah.
"Tempatnya sempit, Playground nya kecil, perosotannya ga nyaman utk meluncur, kecil bgt.."
"Kangen McD dan ingin ngadem. Lokasi strategis, dan tempat parkir luas, karena kalau gak cukup bisa numpang di Giant sebelahnya..."
Setelah renovasi tempat mskan berkurang dan jadi terlalu penuh saat makan siang
Harusnya di batasi waktu untuk order di mesin pesanan minimal 3 menit/orang. Supaya ga buang waktu
"Full pengunjung,sampe g dpt bangku,kbnyakan yg cm minum dan numpang wifi doang"
Lokasi strategis. Terlalu ramai tapi. Meja2 jadi banyak yg berantakan
"Untuk rasa sama kaya McD pada umumnya, tempatnya juga enak tp lama bgt ngantrinya euy"
"Pagi2 order d drive thru drnswt pegawainy ga ramah, ketus bgt melayani cust.."
"Tempat enak, kursi bagian dalam yg ber ac kurang"
Beli pamer 7 ayam buat take away malah di kasih 6 ayam seharusnya 7 kan buat kesel
"Lumayan penuh pengunjung yg sdh selesai makan masih main laptop, tidak bergantian"
Mohon maaf saran aj ya tempat duduk nya am meja nya klw bisa di perbanyak lagi
Ada rambut di Milo yg aku pesen
Tolong buat kasir nya kalo melayani on line struk nya jgn di campur/di masuki kedalam pesanan
Tdk seperti mcd lainnya.. chicken box/tmpt makan aja harus beli
Beda harga klo beli d jalan SM di outlet domino..lebih mahal d jalan
"Datang jam stgh 2 pagi, masih dilayani lmyn cepat, tp sudah mau tutup .."
"Tempatnya panas, ramai, dan kurang dijaga kebersihannya, tukang parkir merokok sembarangan"
Tempatnya enak buat ketemuan temen atau buat ajak makan anak2
Skrg tokonya rame..krn ada new brewing..kedai kopi..
"Selalu penuh, antrian lama, parkir mobil susah. Drive true antri lama. Gofood antri lama"
Saya sempet kcewa menu baru scezuannya kosong... Padahal saya bela belain buat coba...
"Terlalu ramai, kurang nyaman tempatnya, terlalu semrawut parkiran motornya."
Lumayan aja lah standar mcd pada umumnya. Tapi disini selalu crowed
"Ramai, parkiran selalu padat, bagi pengendara mobil lebih baik drivethrue"
Minta chicken box aja kudu bayar Pelit sama tissue
"Tempatnya standar untuk ukuran McD, dan untuk tempat terbukanya juga sedikit. Tapi pelayanannya lumayan memuaskan."
"Lokasi yg strategis, kalau Mcd mah gk pernah ketinggalan utk order Mcflurry nya"
tempat terakhir yang bisa dikunjungi setelah tidak ada lagi budget di kantong
Cukup ramai dan perlu ada pengaturan lebih baik
"Wifi not good for now,plisss di hidupkan lagi yoo wifi nya,biar seru...."
Lokasi strategis dan mudah ditemukan untuk bersantai dan berkumpul ..
udh 3x pesen makan gadikasihh sambeeeeellllllllllllllllllllllllllllll hambar taauuuuuuuuuuuuuuuuuuu asemmmmmmmm
"Untuk masa transisi psbb, buka hanya sampai pukul 23.00"
Pelayan banyak tetapi untuk quality makanan kayanya kurang di perhatikan
tuk pesanan drive true srg terjadi kesalahan kasi pesanan ke custumer
"I Like Mc.D Restorant, this place 24 hour open. But a little crowded. Cause of a small place. There is no McCafe in here, maybe the place for the reason"
Rame tempat harus tunggu2 zg d slsai
di sini cokotop nya enak. beda dari cabang lain. aneh
Tempatnya sangat Bagus Sekali
"Nyaman buat meeting disini, atau ketemu2 kumpul sama kawan"
"Tempat paling strategis untuk ngumpul bareng teman"" kampus"
"Tempat ini telah di perbaharui, baik dengan tempat dan sistem pembelian. Thx"
"Di mcd buaran ini bener2 panas bgt tadi, dan karyawannya super lama"
"I just can stare it from flood canal, I can't visit it because I haven't much money to buy. But it never mind I'm still lovin it."
Tempat makan ayam goreng tepung dan kentang goreng & minum air soda dan es krim mc flurry
Nice place for meeting and hangout
McD? Rasa nya sama aja seperti yang lain nya.... Kalay pun ada yang beda hanya Lokasi nya aja....ğŸ¤£ğŸ¤£ğŸ¤£ğŸ¤£ â€¦
Cuma mampir bentar. Tempatnya rame banget
Kalo lagi rame ga enak banget.. sumpek
Pas pengen kentang...klo pagi ternyata belum ada ğŸ˜• â€¦
tdk perlu mengatakan sesuatu yg kurang baik ttg McDonald's
Good food but the place so HOT! Please upgrade the air con
"Acnya panas, wifinya lemot. Pelayanan ok"
Nyobain menu baru.. Tp saus kejunya asem
tempat bagus mknannya enak...
"Kesini pas hafi minggu, dan rame banget sama abg"
Tempat buat makan siang dan nongkrong anak muda
"Kurang luas, harus antre untuk dapat tempat duduk"
"Pegawai kurang cekatan,meja kotor dibiarkan, kurang ramah"
Kotor dan kebanyakan yg cuma niat duduk2 doang..
"Lokasi strategis, sering terjadi kemacetan untuk mengarah ke lokasi,"
Mudah dijangkau dan berada pinggir jalan besar
Ruameeeeeee nya..... pada beli apa cuman nongkrong doank nih...
It's a mcdonald's. Big place so you can found seat easily. Clean.
bantuan darurat pas perut udah teriak minta diasup
Tempat yg sangat strategis dan luas
Lalu lintas langganan macet
kurang banyak tempat duduk kalau penuh
ramai.. n parkiran cukup enaklah
Pelayan nya kurang sedikit ramah
"Rame bgt, susah cari tempat disini"
Lumayan buat kongko kongko sama teman..
"Biasa aja, kaga jual dongkal."
dekat & cepat
Harus diperbaiki lagi SDM nya y
Sangat memuaskan
Oke banget buat tmpt kumpul
Kotor sekali tempatnya.
Tempatnya nyaman
Terkadang mesti lama menunggu pesanan
Baru lewat aja gak singgah ko
Gg terlalu enak
Toilet dan wastafel nya lebih diperhatikan
Standar2 aja sih
"Another fine Saturday nite, alhamdulillah."
Lumayan enak tempatnya
Not bad but not to good.......mobile order is too long.
"Parking lots are filled with parking attendants, parking is not free even though free parking is a facility"
Santai sejenak menunggu teman
Jauh lebih terjangkau harganya
Kurang bangku sama mejağŸ˜†ğŸ˜† â€¦
"Rame, kurang tempat duduk"
Macet kalau cuma mau ke MCd saja
Antri beli BTS....
Pelayannya ketus
tempat strategis dan ckp nyaman
anak2 bs bermaim
"Gak bagus"" amat"
Luas dan nyaman makan di mc d
Tempat yg tepat dikala laper
Ayam goreng krispi . Gurihnya pasti
pelayanannya cukup baik
Standar cabang gerai McD ^^
Kebersihan lebih di perhatikan...
Nyaman dan bersih
Take long time in drivethru quee in the middle of night
makan dulu kita
Sukses selalu amiin
strategic place and good fast food
Oke
"Too Crowd, Slow Response Service"
Toko bermanfaat
Burgernya enak
Very convenient place to meet someone.
Lumayan nyaman
Kebersihan sebagian dari iman
So so lah
Tempat paforit anak...anak
Difficult to find parking lot
Dirty .. for McDonald's standard. ..
Numpang lewat
It's okay.
"Pengukur suhu tidak berfungsi dengan baik pagi ini (13 Feb 2022, pukul 09:00)"
"Ramai, banyak orang miskin dengan kuota, orang belanja minim, pakai wifi semaksimal mungkin"
Sangat menyenangkan untuk diajak bergaul
Terlalu banyak
Jika
Di sakit
Aduh
Banyak
Jam
Nayamul
"Pesan via McDelivery, waktu saya terima minumannya tumpah semua, tutupnya ga rapat, netes semua dari goodie bag-nya. Fanta & Coke float saya juga udah cair semua es krimnya, soda jg sudah hilang. Diliatnya aja udah kyk ga layak buat diminum. Mengecewakan dan bikin bad mood bgt"
Pelayanan kurang apalagi sama orang yg di depan saya kebingungan mau ubah pesanan tapi malah ga di bantu. Malah dia yang kesel padahal kita kan customer. Dan mau tambah poin gabisa dan ga dikasih tau kalo setelah payment ga dapet point'. harap maksimalkan lagi pelayanan yg ramah dan sopan
"Buat mbak2 yang jaga Drive-thru Selasa, 22 Nov 2022 Pukul 13.10an.. Ada masalah apa mba!? Saya belum selesai pesan udah diburu2 seperti kesannya saya ga sanggup bayar? Udah itu aja? Udah itu aja? Saya tau anda kerjanya multitasking tp â€¦"
"Tadi malam waktu jemput anak ke rumah bibi saya tiba2 anak saya usia 4 tahun minta makan mcd, posisi sudah gerimis dan saya langsung pesan gocar. Sampe di mcd saya masuk dan mau pesan, tiba2 saya disuruh pakai masker, dan saya bilang saya â€¦"
scan peduli lindungi saat masuk sangat ketat. padahal di dalam banyak orang masker dibuka bukan saat makan dan minum. hanya sekedar duduk dan ngobrol saja tdk pakai masker tp dari staf di mcd tdk satupun yg berani menegur. percuma dong â€¦
Agak sedikit kecewa sama pelayanan di McD pelayan nya pilih kasih kalau mau melayani tuh jangan liat dari penampilan mas mentang itu dilayanin tadi saya coba ke kasir tidak disahutin sama sekali giliran ibu ibu itu langsung dilayanin giliran saya sampe mba mba McD bilang kalau mau pesen ke mesin nya tidak bisa langsung
"Terlalu sok, higienis... not good place to hangout with family's and collage. better find other place."
"Drivethru pesan panas 2 pakai kentang dikasih nasi, alasan belum ready. Pesan burger belum ready, kalau belum siap jualan jangan buka pagi-pagi. Menu burger dinegara asalnya selalu ada, dinegara ini saja menunya diganti. Makin lama makin aneh menunya, bisa-bisa jualan nasi uduk, bubur ayam dan menu lokal lainnya."
"Pesan paket panas 2, ayam yang crispy, kulit ayam tidak ada rasanya,ayam semakin kecil,nasi semakin kecil. Saos tomat harus minta di kasir,karena sudah tidak bisa bebas ambil seperti saos sambal. Artinya mcd mengorbankan kualitas barang â€¦"
"W paling sebel klo mau makan McDonald's di sini, Pelayanan nya terlalu pelit, Masa tiap w beli dan bayar di awal lalu w bilang minta saos tomat, â€¦"
"Saya beli di drive thru kira2 pkl 23.00 pas mau byr mbaknya songong, di tanya ga mau jawab di minta struk diem aja. trus sibuk dengan dirinya sendiri. Saya ga swm0at foto aja mukanya kalo ga pasti udah saya upload. Tlg perbaikin donk, jgn sampe gegara pelayan gt MCD bikin org males beli lg"
"Dr dulu mmg suka sm makanan di sini. Tp kualitas nya, maaf, menurun. Mgkin krn diimbangi dgn murah harga nya. Sy bisa bicara begini karena saya tukang masak, jd tau kualitas suatu bahan makanan"
"Pegawai di bagian kasir sering kudet, kurang update, beberapa kali punya pengalaman kurang enak. Terakhir masalah Happy Meal Pokemon, 3x balik dari awal November diberi jawaban ""gak bakal ada"", ""gak masuk"" dan ""bulan depan"" padahal rilis â€¦"
"Mama ku pernah mendapat pengalaman tidak mengenakan oleh pegawai disini, mama melapor kemudia manager berkata akan memecatnya, tetapi saat kami datang kembali seminggu kemudian ternyata pegawai tersebut masih ada disana, sejak itu kami malas datang kesana. Sekian, maaf dan terimakasih"
"Ribet banget mau makan aja aturannya, jd kurang nyaman,beda banget am Tempat restoran lainnya... Capek deh msh aj ngurus in corona"
"Pelayanannya tolong diperbaiki lagi ya, pegawainya ada yang kurang sopan sama pelanggan. Pura-pura melempar serbet ke temannya, julid sama pelanggan ğŸ˜ƒğŸ‘ğŸ» â€¦"
Ngasih diskon 78% pake sistem Drive thru ya antri kemana mana lah ya malah jadi macet di jalan raya yang merugikan pengendara lain yang tidak ikut antri
Tukang parkirnya paraaaaaah... maksa banget minta uang parkirnya lbh dulu saat qt tiba .... pake acara ngancem
Hari ini tgl 10 nov sy kecewa bngt pertama sy pesen paket panas yg crispy itu lammmmmaaaaa bngt sdgkn nomer yg lain sdh d pggil pny sy blm jg ..trs yg k dua sy pesen mc freez yg fanta anggur knp cm setengah dan kok ga ada float ny..maaf ya tlng jgn bgni Äºg mengecewakan konsumen..trma ksh
Susah dapet tempat duduk karena penuh spt harus di perbanyak lg tempat duduk nya supaya pengunjung nyaman saat makan
Pinggir Jalan sedikit tempat parkir dan petugasnya again sedikit malas membersikan sampah sisa makanan pengunjung
"Pernah pesen via gojek, pas makanannya dtg ada 1 pesanan yg g komplit, pdhl 3 pesanan menu nya sama semua"
pak manager... kl marahin subordinatenya jgn depan org lagi makan dunk.. makannya jd ga enak karena ga tega denger orang dimarah2in...
"Dikarenakan lagi pndemi jadi bgusnya ada sesuai prtokol kesehatan, tapi buat pelayanannya agk krg"
"Setelah antri lama karena ramai malah dapat nasi lembek, ayam tidak sesuai pilihan."
"Klu makan dibungkus, harus dicek lagi, karena sering banget ada yg kurang + pelayanannya juga kirang"
Makan d luar ada anak kucing nemenin.kucingnya pakai kalung aku makan smbil ngusir kucing.
Pelayanan kurang dan pesen nya apa ko malah keder... tolong d perbaiki pelayanan nya.trima ksh
JANGAN LUPA REQ POTONGAN AYAM KALAU TAKE AWAY. BISA BISANYA NGASIH SAYAP SEMUA
"Tempat strategis, kentang gorengnya beda jauh dengan Surabaya"
"Setelah direnovasi tempatnya jadi kotor, wc nya jorok dan pelayanannya jd kurang baik"
Lama banget ngantri ... Entah ngapain itu orang2 di dapurnya ... apa pada tidur kali yaaa
"Saya pribadi kecewa dengan menu BigMac dari McDonalds karena apa yang digambarkan di iklan, berbeda sekali dengan yang disajikan"
"Mahal, makanan tidak enak. Semakin hari semakin menurun pelayanannya."
Beli es kopi malah di kasih Apple pie hahahahaaa... Padahal masih muda tuh anak ko udah....
"petugas nya menegurnya pilih pilih, ga semua ditegur, ngehe"
Pekerja kurang ramah..dan saya pesan paha atas selalu tertukar dgn dada
"Maaf pelayanannya kurang Ramahh,,,,,senyuman mahal sekali disini sepertinya"
Mas saya mau tanya wifi di situ aktif ga tolong diisi ya paketannya
"Pelayanan kurang ramah, bumbu ayamnya kurang berasa"
"Bad chocolate taste,,, it's not ice chocolate, but water with chocolate!!!"
Kurang sopan pas pintu masuk nye.... nyesel ke situ*
"Pelayananya di tingkat kan lg, terutama senyum nya"
"Tidak ada genset. Kebetulan kemarin makan, mati lampu, tidak ada genset."
Gaada tempat duduk yang lembutnya
jasa bongkaran rumah tua gedung tua kantor dll
Karyawannya super sibuk dan seringkali kurang fokus
Pelayan nya ga Ada senyum2 nya
"Gatau kenapa nasi disini Keras -_-"""
bagus pelayanan nya
Tempat untuk kumpul yg paling seruh
Gampang posisi di pojok jln.
Ga suka aja
Lambat pelyanan nya
Lama penyajian nya
Parkir nya sedikit
Regular place to fulfill our strave or thrist
pelayanannya tidak ramah
I cannot condone a stinky toilet. That's all.
kamar kwcilnya bau banget
Layanan Drive Thru mengecewakan
Over crowded selama psbb
Parkiran nya mana???????? Motor doang yg banyak
Not very clean and too much oil for the food
Ayamnya kurang berasa bumbu
EDC problem in drive thrue area
Slow.service just coffee
Kurang enak
Terlalu ramai
Tidak nyaman
terlalu sering renovasi
selalu penuh :(
"Crowded, too many people"
Junk food
Mahal juga ya
Lama
Mau
Lama
The toilet. Stink.
Always the best
Crowded
McD duren sawit
Bumbu ayamnya kurang berasa di lidah
Konstelasi
McDy
Untuk kita
Banyak
Dalam memori 2010
pesen hot chocolate biasanya juga di outlet lain dikasih di gelas beling ada foam di atasnya dan rasanya kental nyoklat bgt. beli di sini dikasih di kertas cup dan cair bgt barely ada rasa coklatnya. nanya sama crew mccafe apa kalo saya â€¦
"Mbanya sangat menyebalkan, saya pesen paha atas malah dikasih dada, tidak bisa minta tuker , masa saya harus beli baru sih . Ga bilang kalo ketersediaan abis"
"parah banget pesanan tidak sesuai yg diminta, mungkin karena drive thru kali yah jadi kita tidak cek pesanan lagi"
Pesen paket panas 1 large 2 Yg dteng ayam nya kecil sekali seperti paket panas medium Udh ajukan ke mba waiter nya â€¦
Tolong dong klo ada pesenan gojek dibaca! Pesen kentang dikasih nasi! Tolol bgt. Kebuang sia sia!
"Tolong dong pelayan jangan terlalu lama, kasian yang lagi mau makan, masa pesanan hmpir 1 jam kaga jadi2 msen nasi sama ayam doang selama apa si, udah pas dateng gda saosnya lagi zonk parah."
"Tanggal 22 Juni 2023 Jam 18:30. Pesan by drive thru, order burger terus minta ganti tapi tidak boleh, padahal BELUM bayar. Sistemnya sangat buruk sekali, sangat mengecewakan, emang kalian ngasih gratis, terserah customer donk yang bayar!!! Tulis tuh di dinding ""BELUM BAYAR BERARTI MEMBELI"""
"2 hari lau dine in di MCD ini, pesen yg LARGE tapi ayamnya kecil banget, kaya orang boleh minta Ayamnya kecil, telurnya juga sedikit banget, beda bgt â€¦"
McDonald's Mo bikin promo gk dibarengi sama SDM ny. Ya begini jadi ny ğŸ˜¤ğŸ˜¤ğŸ˜¤ â€¦
"pelayanannya BURUK, jutek bgt gak sekali dua kali saya kesini selalu dijutekin (dine in & drive thru), pesan drive thru paket yg MEDIUM berulang kali disebut MEDIUM DIKASIH LARGE TANPA KONFIRMASI! tolong perbaiki attitude staffnya, sangat bertolak belakang dengan MCD JGC (sangat ramah dan orderan tdk pernah salah)"
"Pelayanan nya ga ramah , ga ada senyum2 nya bgt , beli ayam request mau bagian apa dibilang pelayan nya ga bisa pdhl jelas2 di outlet mana aja bisa , di apk nya aja bisa kok, beli es krim yg dtg es cair bener2 cair udh mana porsi nya â€¦"
"Pake Drive thru eh pas dicek di rumah kurang 1 menu. Akhirnya balik lagi walau kena macet lama di lampu merah. Udah gitu yg bikin gw kesel mbaknya gak ada kata2 maaf, sampe akhirnya gw bilang ""saya mau ketemu manajer nya dong"" baru deh â€¦"
"Ayamnya lebih enak dri kfc..namun kentangnya suram.. ada paitnya. pelayanan kurang memuaskan.. terus kalau rame ngelayaninnya jadi se enak udel gitu? Pernah mau beli es krim..gk dilayani via drive thrue, harus didalem katanya.. alasannya gk jelas.. malah di cuekin sayanya.."
kecewa sekali sama kebersihan dan pelayanan di MCD sini. Tadi pagi saya sarapan disana pesan ayam spicy + nasi dan fruit tea ternyata â€¦
"W ğŸ˜‚ğŸ˜‚kn bos sorry anak balita ajakin ke wc w turuti, di meja masih adağŸ˜‚ ayam, nasi &air minum masih layak, pas balik ke meja yang w duduk sudah engga ada apa-apanya, w sempat kaget &tolong lh ğŸ˜‚ğŸ˜‚kalau engga ada orang tolong jangan di â€¦"
"Ayam nya enak, tp mohon utk paket nya di berikan pilihan utk ayam yg pedas atau yg tdk, krn kl utk anak"" Takut kepedasan.. Layanan sangat ramah, utk suasana sangat nyamanğŸ‘ â€¦"
Sangat ketat pake aplikasi peduli lindungi kl udh max org nya ga bisa masuk jadi harus nunggu lumayan lama..kl ada org yg lupa check out abis dari McDonald's gmn nasib yg nunggu ini ğŸ˜Œ â€¦
"Saya beli 1 smokey bbq chck spicy, eh gak ada nasi nya"
"Agak kecewa sama mcd di buaran ini saat saya order untuk take away dijam dine in selesai tidak ramah seakan mengusir customer secara tidak langsung saat waktu dine in selesai, padahal saya cuma numpang duduk saja sembari nunggu ojek online, â€¦"
Kurang bagus di bidang kasir dan OB nya pada saat bersih bersih terkesan ngusir makanan masih utuh dah di ambil aja di buang lagi
"Sueek bgt deh waiters nya, cofee float gue msh banyak di tinggal cuci tangan sebentar masa udah ilang aja di buang, konyol banget kan.. Asli bad bgt pelayanan nya, pdahal lokasi nya ga jauh dr rumah, tp jd males makan disini gegara waiters nya songong"
Sy masuk dr pintu kecil yg menghadap ke kali BKT yg ternyata itu adalah pintu khusus keluar..jujur sy tdk tahu krn kebetulan parkir persis ddpn pintu tersebut.stlh masuk dr pintu itu..sy mau ngantri ada salah satu staff menegur sy dgn nada â€¦
Jangan kesini guys. Kasirnya jutek. Gw pesen ga mau pentungan dikasih pentungan ğŸ˜¡ abis gitu parahnya bilang ga bisa debit. Bisanya cash. Coba tolong itu auditor diaudit kasirnya â€¦
"Parah mc d disini.. minta gelas buat ice cone aja g dikasih.. kecuali pesan dikit, lah ini pesan banyak.. masa iya makan sambil pegang ice cream.. minta sedotan jg jutek bgt pelayan'a.. padahal langganan mikir 2x skrg makan disini.."
Beli mcdonald 2 dari apk pas dibuka bisa2nya ayam yg satu gede yg satu kecil banget. Mana harganya sama lagi
"gw tarik bintang 4 nya, pelayananya payah, mesen minta dada katanya gak bisa karna 'jam segini' baru tau minta dada liat liat jam, better mcd JGC pelayanannya."
"AMPUN KURANG SEKALI PELAYANANNYA JUTEK KASAR.. ATAS NAMA AMEL (SAYA LIAT NAMETAG) NO ANTRIAN MEJA PADA SAAT PEMBERIAN DIBANTING, TRUS PADA SAAT PEMBAYARAN DENGAN DEBIT CARD, SAAT JUTEK MEMBERI INFO. TOLONG DITINGKATKAN LAGI PELAYANANNYA. TERIMA KASIH."
"Pelayanan payah. Kita minta dicarikan meja utk 7 org, malah disuruh cari sendiri. Mau pesen nasi liwet (castrol). Katanya ga bisa krn masaknya lama. Ga recommend sama sekali."
"Pelayananya terlalu lama Satu jam lebih baru jdi makananya,blm Sekurity parkiran motor yg TDK bisa mengatur parkiran sehingga terlalu penuh padahal didlm parkiran masih kosong,jdi yg baru datang parkir diluar area mc'd bahkan ada yg parkir di sebrang jalan karna semrawutnya parkiran yg dikira penuh padahal masih lega didlmnya."
"Drive thru beli promo selamat dihari senin selasa nikmat, beli ayam spicy dapet nya paha dan sayap apa yang bisa dimakan kecil gitu ayam nya"
"Sering salah memberikan pesanan.. Apalagi pesenan to go & driver thru.. Harus di cek terlebih dahulu sebelum meninggalkan restoran, saya beberapa kali mengalami hal tersebut. Saya tau restorannya selalu ramai apalagi di Jumat & weekend, â€¦"
saya bicarakan bisnis dengan 3 org di mcd kota bintang..saya pesan cola float dan kentang sebagai teman ngobrol..itupun area luar mcd teras yg ada payungnya dekat mushola tidak dalam mcd..saya diusir oleh secrty mcd loh.2x lagi..padahal â€¦
Hanya memprioritaskan orderan take away dan makan di tempat. Orderan gofood terlantar. Pelanggan gofood pada marah nunggu sejam setengah cuma pesen 1 paket panas. Sama sama bayar tapi kok kaya gini.
"Sekarang makan di sini ribet! Harus pindai QR segala. Trus masukin nomor KTP. Terus duduk harus sesuai peraturan tempat duduk. Kalau tidak, ditegor. Mungkin sebaiknya cari tempat lain kalau mau lebih praktis."
"Pelayanan nyebelin. Beli drive thru. Saya info saos untuk di tambah sama mbak""nyq. Boro"" di tambah. Pas di cek Masa cuma 1 biji di dalamnya beli 2 menu. Tolong dong mcd klo ngasih saos jngan pelit. Ini kejadian ga cuma sekali. Emang enak apa makan tanpa saos"
"Habis makan disini, sy nunggu suami ngambil mobil di parkiran, krn hujan saya terpaksa nunggu dulu di dpn mcd, ternyata tukang parkirnya ngomongnya kasar, ""yg penting bayar dulu, terserah mau parkir kaya gmn, klo udh bayar bebas"" â€¦"
"Bisa gk sih pelayanannya sopan Masa ada 3 meja 3 kursi gk boleh betiga orgnya Terus di usir"" tanpa di carikan meja pengganti â€¦"
"Team auditor mcd raden inten, audit tuh kasirnya, masa dua struk nomer struk nya loncat jauh banget sampe ribuan... Ga masuk akal. Udh gitu cuma mau Terima cash."
"Pelayanannya sangat payah, orderan saya dikasih ke orang lain terpaksa harus nunggu 30 menit lebih"
"Hr ini saya sangat kecewa dengan pelayanan McDonald's duren sawit, saya pesan paket panas 2 (1) yg ayam nya 2 masa saya malah di kasih paket panas 1 yg ayam nya 1 pada hal saya ud jelas blg sm pelayan nya ğŸ˜¬ğŸ˜¬ğŸ˜¬, alesan dia kan td bapak blg â€¦"
Hanya ada 1 pegawai yang ramah. DAN SANGAT DISAYANGKAN PEGAWAI Yang lain SANGAT TIDAK RAMAH DAN SOROT MATANYA SEMUA JUTEK TIDAK MENGHARGAI TAMU.
"Rame banget, tempatnya terlalu dempet sehingga saat banyak orang terlalu sempit"
Baru saja saya pesan lewat gojek. . Kenapa saya pesan untuk ayamnya paha atas paha bawah tapi yang dikasih malah dada sayap gasesuai pesanan. Udh gitu saya pesan paket berdua minumannya dikasih cuma satu. . Gimana sih pelayanannya kurang di cek pesanannya sering saya pesan minta ayam pilihan tapi yg dikasih ga sesuai pesnanan saya
"Padahal Ada security parking nya, namun scurity Biasa yg Berseragam atas nama sopian meminta uang parkir."
"ngedrive thru ngasal staff nya, minta ayam krispi malah di kasi pedes..setidaknya konfirmasi dulu kalo emg ga ada, ade saya jadi ga bisa makan kalo pedes"
"Kantong nya dingin es basah robek, panas uap robek juga, hujan repot. Saya ngerti d larang plastik. Tapi king burger dan carl jr bisa lebih tebal walau bahan kaya kertas"
Gila...pertama kali nya makan McD yang ASIN nya kaya air laut.Ngasih Kembalian bertele tele... Kasir nya bingung awalnya bilang mau di Anter sekalian makanan eh ga tau nya gak di anterin. Sampe di samperin bilangnya kehabisan receh. MCD terburuk yang pernah di datengin. KECEWA.semoga lebih di perhatikan lagi.Tq
"Tempatnya mudah dijangkau dan populer juga, bersih, wangi, musiknya cozy Tapi malam ini saya kecewa dengan pelayanannya karena saya ""ditembak"" menu paket â€¦"
"Pelayan nya yg perempuan songong semua pada belagu , gua beli sendiri pas drive true , tapi harganya disamain ke belanja di gofood, mentang"" ojol , pelayannya kurang ramah pada belagu semua"
Ngantri untuk ojol lama di hariÂ² besar bisa sampe 2 jam.. di perbaiki dan di perbanyak lg crew/staff khusus pelayanan ojol agar lebih cepat...
"Okelah ya rame bgd.. Tapi tolong donk kalo ngelayanin bisa pilah pilih, mana urgent mana gak... Gue pesen di grab food n sampe 1 1/2 belom sampe tuh makanan gara2 pelayanan di â€¦"
Kecewa dgn pelayanan disini stok ayam ga lengkap pesennya paha yg dikasih malah sayap. Cukup tau
"Pelayanan nya lama. Kmrn pesen minuman, gak sampe2, udh di bilang 2 kali gak sampe juga. Di lupakan begitu saja."
sistim pemesanan dan pembayaran model baru terlihat kurang profesionalnya mcd untuk handling konsumen. tempat menunggu tidak disediakan yang seharusnya disediakan dengan sistem baru ini. Pelayanan juga lama untuk menyajikan makan.
Saya sangat kecewa dengan pelayanan mcd durent sawit.ketika saya beli paket panas dua di kasi ya ayam ya cuma 1.saya bil sama kasir ya.ayam ya musti ya 2.knp 1?.dia denger bil ya pket pnas 1.ğŸ˜  .malah saya kalo mau ayam ya 1 lagi.suruh â€¦
Payah drive thru nya. Lama bgt pelayanan nya. Jd ngantri panjang. Pas udah ngantri lama2. Sampe di pos nya. Makanan gk ready. Suruh nunggu 30 menit. Pelayanan apa itu. Kapok
"Kacau,pelayanan nya lama & gak beraturan,nota yg seharus nya sdh ready makanan nya malah di ilangin sama karyawan nya & gak di buatin makanan nya sampe kelewat bbrpa orang,payah banget"
"Pesan drive thru, tanpa diinformasikan terlebih dahulu ternyata bubur belum siap sampai menunggu hampir 10 menit. Dan selama menunggu staf drive thru nya melayani dine in customer."
"Makan disini dikasih kentang goreng yang sudah dingin sudah lembek, bukannya kentang yang sudah lembek tidak boleh dijual ke konsumen ya, contoh merk sebelah dong kentangnya masih panas & garing."
Parkirnya mahal bgt cuman sebentar kena 5000
"Makan disuruh pindah ga boleh satu meja berdua, bilangnya psbb eh gatau nya ada juga tuh yg satu meja berdua tp ga disuruh pindah.. ga ngenalin"
"Ice jelly coffee float nya GAK ENAK !!! Rasanya seperti air se galon dicampur kopi 1 sendok. Float nya dikit, seperti tdk niat jualan. Sangat kecewa pdhl harga 20rb.. ğŸ‘ğŸ»ğŸ‘ğŸ»ğŸ‘ğŸ»ğŸ‘ğŸ»ğŸ‘ğŸ» â€¦"
Pelayanan nya kurang cepet...di deliveri online nya... Sy order lewat gofood bs 30 mnt lebih bru bsa di antar.... Apa harus begini terus....sangat kecewa....
Pesan sweet corn hampir sejam ga nyampe nyampe parah banget
"untuk pelayanan tolong dong, masa iya yang didulukan reguler, dan drivethue, untuk ojol (ojek online) lama pelayanannya, sedangkan ojol juga ditunggu oleh costumer"
Resto gede pelayanan lambat klau emang ga sanggup online mending tutup aja online nya
"Makan banyak persyaratannya pake isi NIK....lah, enakan makan di rumah... ketahuan bisa duduk di meja sendiri...."
Kemasan utk bawa makanan/minuman dari kertas yg mudah robek apabila terkena air minuman dingin. Mohon di pisah kantong makanan dan minuman.
Tolong di perbaiki utuk sepeker akitf.utuk memanggil derver ojek online.sepeker sembar.tolong di ganti.biar ojek online bisa dengarnya.
Mau makan aja ribet.sy makan byr pake uang bukan pake kartu vaksin.secara scan udah.cekin udh.dtny krtu vaksin sgala.
"Harus ada yg atur antrian drive thru, jadi ga saling serobot sebab antrian dari 2 gerbang yg berbeda."
Payah.. Semua Payah.. Pelayanan kurang.. Ojol wilayah situ lebih Parah.. â€¦
"anak ga boleh masuk McD karena ga bawa HP utk scan QR, padahal bareng ayah ibu nya ..."
"Asli mcd duren sawit ini udah gak kaya dulu lagi. Menu display & aslinya benar"" beda. Dari pada ke mcd mending ke carl's aja sekalian."
Sangat tidak recomended untuk makan bersama keluarga maupun mitra kerja. Pelayanan lambat
"Jangan pernah pesan bubur ayam disini,cuma mitos selalu gak ada ,..selalu habis..hapus aja menu bubur.. setiap kesana selalu kehabisan.. anjiiiiirrr"
"Kaga tau dah, org kita kaga mampir. Cuman lewat doang."
"Untuk online gk bisa pakai nontunai mulai tgl 15 okt 2019,, hari gini musti cash?? Haloooooooooo"
Lambat service time nya klo sudah di atas jam 10 malam.. Tolong di perbaiki service time nya Dan di tambah crew nya di malam hariğŸ˜‚ğŸ˜‚ â€¦
makanan nya enak sih tp pelayan nya parah nggak di cek kembali pesanan yg di pesan
"Service was really bad for drive thru, they didn't care about your orders and would told you to order something else. If you're not paying attention they'll give upsize menu without your consent, so watchout.."
Maaf McD. walaupun saya tau ini rumah makan asing yg karyawannya warga pribumi. Tapi saya tetap kekeh dukung UKM ya. Biar uangnya di Indonesia aja.
"Worst. Lebih baik makan di warteg, kamu masih dihargai di kasih piring dan sendok garpu, disini kamu spt kucing dikasih makan di piring kertas"
No go because of covid protocol. Isi data diri lengkap kaya ngurus akte di kecamatan. Not good for sales
Ter lalu lama menyajikan makanan nya Terlalu lambat dalam bekarja tolong di tegasi lagi kariawan nya..
"Au ah, cuma berhenti depannya karena lampu merah, di anggap berkunjung Ama Mbah google"
Buat mcd duren sawit...ini resto siap saji apa siap antri adakah yg bisa jawab...ga sesuai dengan julukan siap saji cocok nya SIAP ANTRI!!!!!!
"Ayamnya ga fresh, pertama kalinya di bikin sakit perut,dan muntah"" sama fast food ginian ğŸ˜© â€¦"
Saya pesan online ayam spicy kok yg dtng malah ayam crispy apakah gk bisa bedain orderan ?
"Gile mesen panas large tapi ayamnya kecil, lebih kecil dari yg biasa KESEL"
"Pesen mcflurry, porsinya cmn setengah drpd di mcd2 lainnya Manajemen gmn ini woi"
Kasir bagian penerimaan order Pesanan Drive thrue ga sopan
"Lama banget untuk pemesanan ojol, padahal sistem sudah di perbarui, tapi pelayanan tidak tambah cepat"
"Demi apapun gua dapet kasir judes, emosi gua liatnya"
MCD Buaran Pelayanannya Gak Banget... Customer dibiarkan Menunggu Tanpa Kata Maaf...
Belum jam 22.00 sudah tutup aplikasi...ga sesuai...
Mending makan di Q lima mensejahterakan ekonomi rakyat sendiri .dari pada mensejahterakan emerika sama israel
Kasir pelayanya seperti bos besar...melayani driver kurang baik
"Payah, drive thru suruh tunggu... setelah dapat pesenan nasi gak ada.."
"Wi-fi nya rusak,gak bisa buat download permainan"
"The bags you get for delivery are annoying, waste of money, and bad for the environment"
"Kurang nyaman..kurang bersih.lambat merapikan meja/kursi,"
"Ada kasirnya yang kurang sopan, dan nyeleneh ke customer saya merasa kurang di hargai!!!!"
"Nunggu nya lama sekali sejam lebih mohon untuk karyawan nya di tambah atau gmna,"
Karena pajak pembelian dibebankan kepada konsumen....
Mau makan di suruh bawa pulang.. tutup aja sekalian !!
Belum pernah hanya lewat aja ğŸ¤­ â€¦
Tidak ramah
"harganya mahal, heran banyak yg suka nongs dimari"
parah bngt pesen mcflurry color surprise color2annya gaada. PARAH!
Lama pelayanannya. Antri sampe sejam
"Sangat lama pelayanannya,tolong di perbaikin lg"
Ah jelek orderan tutup mlu tiap mlm
"Lagi cod lewat olx,mao tau aja ni google"
"Terlalu ramai, sulit cari tempat duduk"
Ada tempat parkir nya dan dekat jln raya
"Katanye 24 jam, gue order online tutup"
Pelayan tidak ramah
Tempat parkir kurang memadai.
Tempatnya bagus lebih baik Drive thru
Biasa aja..semua mc d sm standart
Lmbt pelayanan nya
CS salah memberikan informasi dan tidak mau bertanggungjawab
Bnyk yg nongki mo mkn meja penuh
mcd rata2 tempat nya sempit.
"Long queue for drive through, ordered and at the end the orders are unavailable. Pathetic!!! Poor service!!!"
Pelayanan yang amat sangat buruk yah
Sangat sangat mengecewakan
sistem ordernya bikin bingung...ribet
Pelayanan lama Dan kurang ramah
Tidak menyediakan kantong makanan
Pelayanan lama dan bikin kesal
Payah gojek gak bisa drive trhue
Pelayanannya lamaa
Pelayanan pemesanan tidak baik...
Karyawannya gak ramah
Terlalu lama pelayanan untuk online ..!!!
Cukup nyaman buat nongkrong
Pegawai judes
"It's not even a McDonald's! A ripoff, they close at 12 am!"
lewat doang
Biasa aja tuh
pelayanannya lama bangat
Menikmati rasa yg ada
Biasa aja sih
Pelayanan buruk
Sejak kapan McD slow food ğŸ‘ â€¦
tolong sediakan tusuk gigi ya
"A ripoff, they dont even open for 24 hour!"
Saya lebih sering ke carls jr
Biasa ajh
G enak
Kurang nyaman
lama reto nya
always no ice cream.here. zzzzzzz
Ribet masuk pas pandemi
Sering salah pesanan ğŸ˜„ â€¦
Drive Thrue lambat
Lama...
Mahal
Jorok
Unhelpful staff
Top
Pelayanannya buruk....lama....lelet....hadeuuhhhğŸ˜¡ğŸ˜¡ğŸ˜¡.....apalagi kalau pesan pakai ojol...waduhhhh...busnya kelaparan â€¦
"pelayannya kurang sopan, lain kali jangan main-main dengan pelanggan ğŸ˜› â€¦"
Itu bagus untuk sekedar melihatnya
Tidak ramah untuk anak-anak
Lumayaaan....untuk bersantai
Tiiii
miliknya...
Ini
Antriiii
Bahlul
